MAKE,MODEL,GRADE,CHASSIS NO,COLOUR,IMAGE_URL,ENGINE CC,MILEAGE,YEAR/MONTH,LOCATION,PRICE,FEATURES,YEAR,MAKE_MODEL,_feature_tokens,MONTH
LANDROVER,RANGE ROVER,SPORTS,30011,RED,https://ahm-bucket.s3.eu-north-1.amazonaws.com/vehicles/2bJK0XgoaLh2CTt9Ac3ki0eKq7mLY713UuuuMB7L.jpeg,4990,57001.0,2019,NAIROBI,5013041,"12V ADAPTOR, 360 DEGREES CAMERA, 4 DOORS, 4WD, 5 SEATER, ABS, ABS CONTROL, AC CHARGER ADAPTER, ALLOY RIMS, AMBIENT LIGHTING, AUTOMATIC CLIMATE CONTROL, CRUISE CONTROL, CUP HOLDER, DAYTIME RUNNING LED, DIGITAL DISPLAY, DOWNHILL ASSIST CONTROL, DRIVER'S ARMREST WITH STORAGE, DRIVING MODE SELECTOR, ELECTRIC HANDBRAKE, FRONT & REAR CLIMATE CONTROL, FULL DIGITAL CLUSTER METER, HEADLIGHT WASHERS, HEATED SEATS, HEIGHT CONTROL, KEYLESS ENTRY / EXIT, LANE DEPARTURE WARNING SYSTEM (LDWS), LEATHER SEATS, LED HEADLIGHTS, LOW FRICTION LAUNCH MODE, LUMBAR SUPPORT, MEMORY SEATS, MERIDIAN SURROUND SOUND SPEAKERS, MERIDIAN SURROUND SPEAKERS WITH SUBWOOFER, MILES PER GALLON INDICATOR, MULTI FUNCTIONAL STEERING, MULTILINGUAL CENTER CONSOLE, MULTIMEDIA CENTRE CONSOLE, PADDLE SHIFTERS, PARKING SENSORS, PARKING SENSORS & CAMERAS, POWER BOOT, POWER DOOR LOCKS, POWER PANORAMIC SUNROOF, POWER SEATS, POWER SIDE MIRRORS, POWER STEERING, POWER SUNROOF, POWER TAILGATE, POWER WINDOW, PRE CRASH DETECTION ASSIST, PUSH  TO START, REVERSE CAMERA, REVERSE WARNING BUZZER, SIDE MIRROR INDICATORS, SIDE STEPS, SOFT DOOR CLOSE, SUSPENSION CONTROL, TRACTION CONTROL, TYRE PRESSURE MONITOR, USB PORT, VOICE COMMAND MODE, WIRELESS APPLE CARPLAY & ANDROID AUTO COMPATIBILITY, WIRELESS CHARGER",2019,LANDROVER RANGE ROVER,"['12v', 'adaptor', '360', 'degrees', 'camera', '4', 'doors', '4wd', '5', 'seater', 'abs', 'abs', 'control', 'ac', 'charger', 'adapter', 'alloy', 'rims', 'ambient', 'lighting', 'automatic', 'climate', 'control', 'cruise', 'control', 'cup', 'holder', 'daytime', 'running', 'led', 'digital', 'display', 'downhill', 'assist', 'control', 'driver', 's', 'armrest', 'with', 'storage', 'driving', 'mode', 'selector', 'electric', 'handbrake', 'front', 'rear', 'climate', 'control', 'full', 'digital', 'cluster', 'meter', 'headlight', 'washers', 'heated', 'seats', 'height', 'control', 'keyless', 'entry', 'exit', 'lane', 'departure', 'warning', 'system', 'ldws', 'leather', 'seats', 'led', 'headlights', 'low', 'friction', 'launch', 'mode', 'lumbar', 'support', 'memory', 'seats', 'meridian', 'surround', 'sound', 'speakers', 'meridian', 'surround', 'speakers', 'with', 'subwoofer', 'miles', 'per', 'gallon', 'indicator', 'multi', 'functional', 'steering', 'multilingual', 'center', 'console', 'multimedia', 'centre', 'console', 'paddle', 'shifters', 'parking', 'sensors', 'parking', 'sensors', 'cameras', 'power', 'boot', 'power', 'door', 'locks', 'power', 'panoramic', 'sunroof', 'power', 'seats', 'power', 'side', 'mirrors', 'power', 'steering', 'power', 'sunroof', 'power', 'tailgate', 'power', 'window', 'pre', 'crash', 'detection', 'assist', 'push', 'to', 'start', 'reverse', 'camera', 'reverse', 'warning', 'buzzer', 'side', 'mirror', 'indicators', 'side', 'steps', 'soft', 'door', 'close', 'suspension', 'control', 'traction', 'control', 'tyre', 'pressure', 'monitor', 'usb', 'port', 'voice', 'command', 'mode', 'wireless', 'apple', 'carplay', 'android', 'auto', 'compatibility', 'wireless', 'charger']",2.0
LANDROVER,RANGE ROVER,SPORTS,51763,BLACK,https://ahm-bucket.s3.eu-north-1.amazonaws.com/vehicles/2bJK0XgoaLh2CTt9Ac3ki0eKq7mLY713UuuuMB7L.jpeg,3000,65143.0,2019,JAPAN,977493,,2019,LANDROVER RANGE ROVER,[],4.0
LANDROVER,RANGE ROVER,SPORTS,24614,BLUE,https://ahm-bucket.s3.eu-north-1.amazonaws.com/vehicles/2bJK0XgoaLh2CTt9Ac3ki0eKq7mLY713UuuuMB7L.jpeg,3000,66914.0,2019,JAPAN,5092102,,2019,LANDROVER RANGE ROVER,[],5.0
LANDROVER,RANGE ROVER,SPORTS,339,PEARL,https://ahm-bucket.s3.eu-north-1.amazonaws.com/vehicles/2bJK0XgoaLh2CTt9Ac3ki0eKq7mLY713UuuuMB7L.jpeg,3000,42982.0,2019,JAPAN,4730913,,2019,LANDROVER RANGE ROVER,[],2.0
LANDROVER,RANGE ROVER,SPORTS,17180,ORANGE,https://ahm-bucket.s3.eu-north-1.amazonaws.com/vehicles/2bJK0XgoaLh2CTt9Ac3ki0eKq7mLY713UuuuMB7L.jpeg,3000,120126.0,2019,MOMBASA,4123312,,2019,LANDROVER RANGE ROVER,[],2.0
PORSCHE,MACAN,GTS,74771,WHITE,https://ahm-bucket.s3.eu-north-1.amazonaws.com/vehicles/2bJK0XgoaLh2CTt9Ac3ki0eKq7mLY713UuuuMB7L.jpeg,3000,94070.0,2018,MOMBASA,692528,,2018,PORSCHE MACAN,[],4.0
SUBARU,IMPREZA,XV,71991,WHITE,https://ahm-bucket.s3.eu-north-1.amazonaws.com/vehicles/2bJK0XgoaLh2CTt9Ac3ki0eKq7mLY713UuuuMB7L.jpeg,2000,148772.0,2018,MOMBASA,4959181,,2018,SUBARU IMPREZA,[],5.0
TOYOTA,LANDCRUSIER,LC300,85165,RED,https://ahm-bucket.s3.eu-north-1.amazonaws.com/vehicles/2bJK0XgoaLh2CTt9Ac3ki0eKq7mLY713UuuuMB7L.jpeg,3440,8000.0,2023,NAIROBI,620913,,2023,TOYOTA LANDCRUSIER,[],5.0
LANDROVER,RANGE ROVER,SPORTS,35330,BLACK,https://ahm-bucket.s3.eu-north-1.amazonaws.com/vehicles/2bJK0XgoaLh2CTt9Ac3ki0eKq7mLY713UuuuMB7L.jpeg,3000,113777.0,2019,MOMBASA,524104,,2019,LANDROVER RANGE ROVER,[],6.0
NISSAN,NOTE,NISMO,30190,BLUE,https://ahm-bucket.s3.eu-north-1.amazonaws.com/vehicles/2bJK0XgoaLh2CTt9Ac3ki0eKq7mLY713UuuuMB7L.jpeg,1200,92772.0,2018,MOMBASA,1559606,,2018,NISSAN NOTE,[],11.0
NISSAN,NOTE,NISMO,48222,PEARL,https://ahm-bucket.s3.eu-north-1.amazonaws.com/vehicles/2bJK0XgoaLh2CTt9Ac3ki0eKq7mLY713UuuuMB7L.jpeg,1200,75754.0,2018,MOMBASA,521714,,2018,NISSAN NOTE,[],2.0
LANDROVER,RANGE ROVER,VELAR,99103,ORANGE,https://ahm-bucket.s3.eu-north-1.amazonaws.com/vehicles/2bJK0XgoaLh2CTt9Ac3ki0eKq7mLY713UuuuMB7L.jpeg,3000,48855.0,2019,JAPAN,3643717,,2019,LANDROVER RANGE ROVER,[],1.0
LANDROVER,RANGE ROVER,SPORTS,10889,WHITE,https://ahm-bucket.s3.eu-north-1.amazonaws.com/vehicles/2bJK0XgoaLh2CTt9Ac3ki0eKq7mLY713UuuuMB7L.jpeg,5000,65800.0,2018,MOMBASA,2880309,,2018,LANDROVER RANGE ROVER,[],11.0
TOYOTA,LANDCRUSIER,LC300,83534,WHITE,https://ahm-bucket.s3.eu-north-1.amazonaws.com/vehicles/2bJK0XgoaLh2CTt9Ac3ki0eKq7mLY713UuuuMB7L.jpeg,3440,13025.0,2023,NAIROBI,1057512,,2023,TOYOTA LANDCRUSIER,[],5.0
BMW,MINI,CLUBMAN,76450,RED,https://ahm-bucket.s3.eu-north-1.amazonaws.com/vehicles/2bJK0XgoaLh2CTt9Ac3ki0eKq7mLY713UuuuMB7L.jpeg,1500,108672.0,2018,NAIROBI,1651140,,2018,BMW MINI,[],2.0
TOYOTA,LANDCRUSIER,LC300,80291,BLACK,https://ahm-bucket.s3.eu-north-1.amazonaws.com/vehicles/2bJK0XgoaLh2CTt9Ac3ki0eKq7mLY713UuuuMB7L.jpeg,3440,6870.0,2023,MOMBASA,1242863,,2023,TOYOTA LANDCRUSIER,[],4.0
TOYOTA,LANDCRUSIER,LC200,31513,BLUE,https://ahm-bucket.s3.eu-north-1.amazonaws.com/vehicles/2bJK0XgoaLh2CTt9Ac3ki0eKq7mLY713UuuuMB7L.jpeg,4461,1.0,2017,NAIROBI,4562056,,2017,TOYOTA LANDCRUSIER,[],1.0
NISSAN,NV200,UNKNOWN,32117,PEARL,https://ahm-bucket.s3.eu-north-1.amazonaws.com/vehicles/2bJK0XgoaLh2CTt9Ac3ki0eKq7mLY713UuuuMB7L.jpeg,1600,140100.0,2019,MOMBASA,691462,"ABS, CUP HOLDER, FABRIC SEATS, KEY START, MANUAL SEATS CONTROL, POWER STEERING, VAN",2019,NISSAN NV200,"['abs', 'cup', 'holder', 'fabric', 'seats', 'key', 'start', 'manual', 'seats', 'control', 'power', 'steering', 'van']",2.0
TOYOTA,RAIZE,UNKNOWN,8003,ORANGE,https://ahm-bucket.s3.eu-north-1.amazonaws.com/vehicles/2bJK0XgoaLh2CTt9Ac3ki0eKq7mLY713UuuuMB7L.jpeg,1000,33550.0,2019,MOMBASA,2611736,"12V ADAPTOR, 4 DOORS, 5 DOOR, ABS, CUP HOLDER, FABRIC SEATS, POWER DOOR LOCKS, POWER SIDE MIRRORS, POWER STEERING, POWER WINDOW, PRE CRASH DETECTION ASSIST, PUSH  TO START, RADIO, TRACTION CONTROL",2019,TOYOTA RAIZE,"['12v', 'adaptor', '4', 'doors', '5', 'door', 'abs', 'cup', 'holder', 'fabric', 'seats', 'power', 'door', 'locks', 'power', 'side', 'mirrors', 'power', 'steering', 'power', 'window', 'pre', 'crash', 'detection', 'assist', 'push', 'to', 'start', 'radio', 'traction', 'control']",12.0
NISSAN,NV200,UNKNOWN,25777,WHITE,https://ahm-bucket.s3.eu-north-1.amazonaws.com/vehicles/2bJK0XgoaLh2CTt9Ac3ki0eKq7mLY713UuuuMB7L.jpeg,1600,148836.0,2018,NAIROBI,532512,"5 DOOR, ABS, CUP HOLDER, FABRIC SEATS, KEY START, POWER DOOR LOCKS, POWER STEERING, TRACTION CONTROL, VAN",2018,NISSAN NV200,"['5', 'door', 'abs', 'cup', 'holder', 'fabric', 'seats', 'key', 'start', 'power', 'door', 'locks', 'power', 'steering', 'traction', 'control', 'van']",6.0
JEEP,COMPASS,UNKNOWN,15048,WHITE,https://ahm-bucket.s3.eu-north-1.amazonaws.com/vehicles/2bJK0XgoaLh2CTt9Ac3ki0eKq7mLY713UuuuMB7L.jpeg,2400,76661.0,2018,KISUMU,1220131,"12V ADAPTOR, 4 DOORS, 5 SEATER, ABS, ALLOY RIMS, CRUISE CONTROL, CUP HOLDER, ELECTRIC HANDBRAKE, FABRIC SEATS, FOG LIGHTS, KEYLESS ENTRY / EXIT, POWER DOOR LOCKS, POWER SIDE MIRRORS, POWER STEERING, POWER WINDOW, PUSH  TO START, TRACTION CONTROL",2018,JEEP COMPASS,"['12v', 'adaptor', '4', 'doors', '5', 'seater', 'abs', 'alloy', 'rims', 'cruise', 'control', 'cup', 'holder', 'electric', 'handbrake', 'fabric', 'seats', 'fog', 'lights', 'keyless', 'entry', 'exit', 'power', 'door', 'locks', 'power', 'side', 'mirrors', 'power', 'steering', 'power', 'window', 'push', 'to', 'start', 'traction', 'control']",4.0
SUBARU,SAMBAR,UNKNOWN,6253,RED,https://ahm-bucket.s3.eu-north-1.amazonaws.com/vehicles/2bJK0XgoaLh2CTt9Ac3ki0eKq7mLY713UuuuMB7L.jpeg,660,161074.0,2019,NAIROBI,1628932,"5 SPEED MANUAL TRANSMISSION, ABS, FABRIC SEATS, MANUAL SEATS CONTROL, PICK UP BODY, POWER STEERING, TRACTION CONTROL",2019,SUBARU SAMBAR,"['5', 'speed', 'manual', 'transmission', 'abs', 'fabric', 'seats', 'manual', 'seats', 'control', 'pick', 'up', 'body', 'power', 'steering', 'traction', 'control']",0.0
TOYOTA,HARRIER,UNKNOWN,51751,BLACK,https://ahm-bucket.s3.eu-north-1.amazonaws.com/vehicles/2bJK0XgoaLh2CTt9Ac3ki0eKq7mLY713UuuuMB7L.jpeg,2000,95454.0,2018,KISUMU,2548490,"12V ADAPTOR, 4 DOORS, 5 SEATER, ABS, ALLOY RIMS, CRUISE CONTROL, CUP HOLDER, DAYTIME RUNNING LED, DRIVER'S ARMREST WITH STORAGE, FOG LIGHTS, HEATED /COOLED SEATS, KEYLESS ENTRY / EXIT, LANE DEPARTURE WARNING SYSTEM (LDWS), LEATHER SEATS, PARKING SENSORS & CAMERAS, POWER BOOT, POWER DOOR LOCKS, POWER PANORAMIC SUNROOF, POWER SEATS, POWER SIDE MIRRORS, POWER STEERING, POWER WINDOW, PRE CRASH DETECTION ASSIST, PUSH  TO START, RADIO, REVERSE CAMERA, SIDE MIRROR INDICATORS, TRACTION CONTROL",2018,TOYOTA HARRIER,"['12v', 'adaptor', '4', 'doors', '5', 'seater', 'abs', 'alloy', 'rims', 'cruise', 'control', 'cup', 'holder', 'daytime', 'running', 'led', 'driver', 's', 'armrest', 'with', 'storage', 'fog', 'lights', 'heated', 'cooled', 'seats', 'keyless', 'entry', 'exit', 'lane', 'departure', 'warning', 'system', 'ldws', 'leather', 'seats', 'parking', 'sensors', 'cameras', 'power', 'boot', 'power', 'door', 'locks', 'power', 'panoramic', 'sunroof', 'power', 'seats', 'power', 'side', 'mirrors', 'power', 'steering', 'power', 'window', 'pre', 'crash', 'detection', 'assist', 'push', 'to', 'start', 'radio', 'reverse', 'camera', 'side', 'mirror', 'indicators', 'traction', 'control']",5.0
NISSAN,NV200,UNKNOWN,20839,BLUE,https://ahm-bucket.s3.eu-north-1.amazonaws.com/vehicles/2bJK0XgoaLh2CTt9Ac3ki0eKq7mLY713UuuuMB7L.jpeg,1600,81800.0,2018,MOMBASA,2450589,"2 POWER WINDOWS, 5 DOOR, ABS, CUP HOLDER, FABRIC SEATS, KEY START, MANUAL SEATS CONTROL, POWER DOOR LOCKS, POWER STEERING, TRACTION CONTROL, VAN",2018,NISSAN NV200,"['2', 'power', 'windows', '5', 'door', 'abs', 'cup', 'holder', 'fabric', 'seats', 'key', 'start', 'manual', 'seats', 'control', 'power', 'door', 'locks', 'power', 'steering', 'traction', 'control', 'van']",4.0
TOYOTA,FORTUNER,UNKNOWN,65931,PEARL,https://ahm-bucket.s3.eu-north-1.amazonaws.com/vehicles/2bJK0XgoaLh2CTt9Ac3ki0eKq7mLY713UuuuMB7L.jpeg,2800,,2019,NAIROBI,1229657,"4 DOORS, 7 SEATER, ABS, ABS CONTROL, ALLOY RIMS, CRUISE CONTROL, CUP HOLDER, DAYTIME RUNNING LED, DOWNHILL ASSIST CONTROL, FOG LIGHTS, HEATED SEATS, KEYLESS ENTRY / EXIT, LANE DEPARTURE WARNING SYSTEM (LDWS), LEATHER SEATS, MULTI FUNCTIONAL STEERING, MULTIMEDIA CENTRE CONSOLE, PARKING SENSORS & CAMERAS, POWER BOOT, POWER DOOR LOCKS, POWER SEATS, POWER SIDE MIRRORS, POWER STEERING, POWER WINDOW, PRE CRASH DETECTION ASSIST, PUSH  TO START, RADIO, REVERSE CAMERA, SIDE MIRROR INDICATORS, XENON HEADLIGHTS",2019,TOYOTA FORTUNER,"['4', 'doors', '7', 'seater', 'abs', 'abs', 'control', 'alloy', 'rims', 'cruise', 'control', 'cup', 'holder', 'daytime', 'running', 'led', 'downhill', 'assist', 'control', 'fog', 'lights', 'heated', 'seats', 'keyless', 'entry', 'exit', 'lane', 'departure', 'warning', 'system', 'ldws', 'leather', 'seats', 'multi', 'functional', 'steering', 'multimedia', 'centre', 'console', 'parking', 'sensors', 'cameras', 'power', 'boot', 'power', 'door', 'locks', 'power', 'seats', 'power', 'side', 'mirrors', 'power', 'steering', 'power', 'window', 'pre', 'crash', 'detection', 'assist', 'push', 'to', 'start', 'radio', 'reverse', 'camera', 'side', 'mirror', 'indicators', 'xenon', 'headlights']",
JEEP,COMPASS,UNKNOWN,10494,ORANGE,https://ahm-bucket.s3.eu-north-1.amazonaws.com/vehicles/2bJK0XgoaLh2CTt9Ac3ki0eKq7mLY713UuuuMB7L.jpeg,2400,56035.0,2018,NAIROBI,1063892,"4 DOORS, 5 SEATER, ABS, ALLOY RIMS, CRUISE CONTROL, ELECTRIC HANDBRAKE, FABRIC SEATS, FOG LIGHTS, KEYLESS ENTRY / EXIT, POWER DOOR LOCKS, POWER SIDE MIRRORS, POWER STEERING, POWER WINDOW, PUSH  TO START, TRACTION CONTROL",2018,JEEP COMPASS,"['4', 'doors', '5', 'seater', 'abs', 'alloy', 'rims', 'cruise', 'control', 'electric', 'handbrake', 'fabric', 'seats', 'fog', 'lights', 'keyless', 'entry', 'exit', 'power', 'door', 'locks', 'power', 'side', 'mirrors', 'power', 'steering', 'power', 'window', 'push', 'to', 'start', 'traction', 'control']",1.0
TOYOTA,LANDCRUISER 250,UNKNOWN,13197,WHITE,https://ahm-bucket.s3.eu-north-1.amazonaws.com/vehicles/2bJK0XgoaLh2CTt9Ac3ki0eKq7mLY713UuuuMB7L.jpeg,2700,5570.0,2024,NAIROBI,2585238,"12V ADAPTOR, 360 DEGREES CAMERA, 4WD, 5 DOOR, 7 SEATER, ABS, ALLOY RIMS, CRUISE CONTROL, CUP HOLDER, DAYTIME RUNNING LED, DOWNHILL ASSIST CONTROL, DRIVING MODE SELECTOR, ECO MODE, ELECTRIC HANDBRAKE, FOG LIGHTS, FRONT & REAR CLIMATE CONTROL, FULL DIGITAL CLUSTER METER, HEATED /COOLED SEATS, HEATED STEERING WHEEL, KEYLESS ENTRY / EXIT, LANE DEPARTURE WARNING SYSTEM (LDWS), LEATHER SEATS, LED HEADLIGHTS, MEMORY SEATS, MULTI FUNCTIONAL STEERING, MULTIMEDIA CENTRE CONSOLE, PARKING SENSORS & CAMERAS, POWER BOOT, POWER DOOR LOCKS, POWER SEATS, POWER SIDE MIRRORS, POWER STEERING, POWER SUNROOF, POWER WINDOW, PRE CRASH DETECTION ASSIST, PUSH  TO START, RADIO, REVERSE CAMERA, ROOF RAILS, SIDE STEPS, TRACTION CONTROL",2024,TOYOTA LANDCRUISER 250,"['12v', 'adaptor', '360', 'degrees', 'camera', '4wd', '5', 'door', '7', 'seater', 'abs', 'alloy', 'rims', 'cruise', 'control', 'cup', 'holder', 'daytime', 'running', 'led', 'downhill', 'assist', 'control', 'driving', 'mode', 'selector', 'eco', 'mode', 'electric', 'handbrake', 'fog', 'lights', 'front', 'rear', 'climate', 'control', 'full', 'digital', 'cluster', 'meter', 'heated', 'cooled', 'seats', 'heated', 'steering', 'wheel', 'keyless', 'entry', 'exit', 'lane', 'departure', 'warning', 'system', 'ldws', 'leather', 'seats', 'led', 'headlights', 'memory', 'seats', 'multi', 'functional', 'steering', 'multimedia', 'centre', 'console', 'parking', 'sensors', 'cameras', 'power', 'boot', 'power', 'door', 'locks', 'power', 'seats', 'power', 'side', 'mirrors', 'power', 'steering', 'power', 'sunroof', 'power', 'window', 'pre', 'crash', 'detection', 'assist', 'push', 'to', 'start', 'radio', 'reverse', 'camera', 'roof', 'rails', 'side', 'steps', 'traction', 'control']",11.0
MERCEDEZ BENZ,GLE43,UNKNOWN,26986,WHITE,https://ahm-bucket.s3.eu-north-1.amazonaws.com/vehicles/2bJK0XgoaLh2CTt9Ac3ki0eKq7mLY713UuuuMB7L.jpeg,3000,79748.0,2018,MOMBASA,1829184,"12V ADAPTOR, 5 SEATER, ABS, ACTIVE BRAKING SYSTEM, ALLOY RIMS, AWD, CLIMATE CONTROL SETTINGS, CRUISE CONTROL, CUP HOLDER, DAYTIME RUNNING LED, DIGITAL INFOTAINMENT SYSTEM, DRIVER'S ARMREST WITH STORAGE, DRIVING MODE SELECTOR, DUAL ZONE CLIMATE CONTROL, ELECTRIC HANDBRAKE, FRONT & REAR CLIMATE CONTROL, HEATED SEATS, KEYLESS ENTRY / EXIT, LEATHER SEATS, LED HEADLIGHTS, MEMORY SEATS, MULTI FUNCTIONAL STEERING, MULTILINGUAL CENTER CONSOLE, MULTIMEDIA CENTRE CONSOLE, PADDLE SHIFTERS, PARKING SENSORS, PARKING SENSORS & CAMERAS, POWER BOOT, POWER DOOR LOCKS, POWER SEATS, POWER SIDE MIRRORS, POWER STEERING, POWER SUNROOF, POWER WINDOW, PUSH  TO START, RADIO, REAR SEAT ARMREST WITH STORAGE, SIDE MIRROR INDICATORS, SIDE STEPS, USB PORT",2018,MERCEDEZ BENZ GLE43,"['12v', 'adaptor', '5', 'seater', 'abs', 'active', 'braking', 'system', 'alloy', 'rims', 'awd', 'climate', 'control', 'settings', 'cruise', 'control', 'cup', 'holder', 'daytime', 'running', 'led', 'digital', 'infotainment', 'system', 'driver', 's', 'armrest', 'with', 'storage', 'driving', 'mode', 'selector', 'dual', 'zone', 'climate', 'control', 'electric', 'handbrake', 'front', 'rear', 'climate', 'control', 'heated', 'seats', 'keyless', 'entry', 'exit', 'leather', 'seats', 'led', 'headlights', 'memory', 'seats', 'multi', 'functional', 'steering', 'multilingual', 'center', 'console', 'multimedia', 'centre', 'console', 'paddle', 'shifters', 'parking', 'sensors', 'parking', 'sensors', 'cameras', 'power', 'boot', 'power', 'door', 'locks', 'power', 'seats', 'power', 'side', 'mirrors', 'power', 'steering', 'power', 'sunroof', 'power', 'window', 'push', 'to', 'start', 'radio', 'rear', 'seat', 'armrest', 'with', 'storage', 'side', 'mirror', 'indicators', 'side', 'steps', 'usb', 'port']",10.0
JEEP,WRANGLER,UNKNOWN,12346,RED,https://ahm-bucket.s3.eu-north-1.amazonaws.com/vehicles/2bJK0XgoaLh2CTt9Ac3ki0eKq7mLY713UuuuMB7L.jpeg,3600,82710.0,2018,NAIROBI,1522212,"4 DOORS, 4WD, 5 DOOR, 5 SEATER, ABS, ALLOY RIMS, CRUISE CONTROL, DOWNHILL ASSIST CONTROL, FABRIC SEATS, FOG LIGHTS, KEY START, POWER DOOR LOCKS, POWER SIDE MIRRORS, POWER STEERING, POWER WINDOW, TRACTION CONTROL",2018,JEEP WRANGLER,"['4', 'doors', '4wd', '5', 'door', '5', 'seater', 'abs', 'alloy', 'rims', 'cruise', 'control', 'downhill', 'assist', 'control', 'fabric', 'seats', 'fog', 'lights', 'key', 'start', 'power', 'door', 'locks', 'power', 'side', 'mirrors', 'power', 'steering', 'power', 'window', 'traction', 'control']",0.0
NISSAN,NV200,UNKNOWN,20765,BLACK,https://ahm-bucket.s3.eu-north-1.amazonaws.com/vehicles/2bJK0XgoaLh2CTt9Ac3ki0eKq7mLY713UuuuMB7L.jpeg,1600,93636.0,2018,MOMBASA,5076287,"12V ADAPTOR, 2 POWER WINDOWS, ABS, CUP HOLDER, FABRIC SEATS, KEY START, POWER DOOR LOCKS, POWER STEERING, TRACTION CONTROL, VAN",2018,NISSAN NV200,"['12v', 'adaptor', '2', 'power', 'windows', 'abs', 'cup', 'holder', 'fabric', 'seats', 'key', 'start', 'power', 'door', 'locks', 'power', 'steering', 'traction', 'control', 'van']",2.0
TOYOTA,FIELDER,UNKNOWN,87217,BLUE,https://ahm-bucket.s3.eu-north-1.amazonaws.com/vehicles/2bJK0XgoaLh2CTt9Ac3ki0eKq7mLY713UuuuMB7L.jpeg,1500,96630.0,2018,MOMBASA,3636171,"12V ADAPTOR, 4 DOORS, 5 SEATER, ABS, CRUISE CONTROL, CUP HOLDER, DAYTIME RUNNING LED, ECO MODE, FOG LIGHTS, HYBRID, LANE DEPARTURE WARNING SYSTEM (LDWS), LEATHER SEATS, MULTI FUNCTIONAL STEERING, PARKING SENSORS & CAMERAS, POWER DOOR LOCKS, POWER SIDE MIRRORS, POWER STEERING, POWER WINDOW, PRE CRASH DETECTION ASSIST, PUSH  TO START, TRACTION CONTROL",2018,TOYOTA FIELDER,"['12v', 'adaptor', '4', 'doors', '5', 'seater', 'abs', 'cruise', 'control', 'cup', 'holder', 'daytime', 'running', 'led', 'eco', 'mode', 'fog', 'lights', 'hybrid', 'lane', 'departure', 'warning', 'system', 'ldws', 'leather', 'seats', 'multi', 'functional', 'steering', 'parking', 'sensors', 'cameras', 'power', 'door', 'locks', 'power', 'side', 'mirrors', 'power', 'steering', 'power', 'window', 'pre', 'crash', 'detection', 'assist', 'push', 'to', 'start', 'traction', 'control']",7.0
TOYOTA,LANDCRUISER 250,UNKNOWN,14639,PEARL,https://ahm-bucket.s3.eu-north-1.amazonaws.com/vehicles/2bJK0XgoaLh2CTt9Ac3ki0eKq7mLY713UuuuMB7L.jpeg,2700,2611.0,2024,MOMBASA,3934747,"360 DEGREES CAMERA, 4WD, 5 DOOR, 7 SEATER, ABS, ALLOY RIMS, CRUISE CONTROL, DAYTIME RUNNING LED, DOWNHILL ASSIST CONTROL, DRIVING MODE SELECTOR, ECO MODE, ELECTRIC HANDBRAKE, FOG LIGHTS, FRONT & REAR CLIMATE CONTROL, HEATED /COOLED SEATS, HEATED STEERING WHEEL, KEYLESS ENTRY / EXIT, LANE DEPARTURE WARNING SYSTEM (LDWS), LEATHER SEATS, MEMORY SEATS, MULTI FUNCTIONAL STEERING, MULTIMEDIA CENTRE CONSOLE, PARKING SENSORS & CAMERAS, POWER BOOT, POWER DOOR LOCKS, POWER SEATS, POWER SIDE MIRRORS, POWER STEERING, POWER SUNROOF, POWER WINDOW, PRE CRASH DETECTION ASSIST, PUSH  TO START, RADIO, REVERSE CAMERA, ROOF RAILS, SIDE STEPS, TRACTION CONTROL",2024,TOYOTA LANDCRUISER 250,"['360', 'degrees', 'camera', '4wd', '5', 'door', '7', 'seater', 'abs', 'alloy', 'rims', 'cruise', 'control', 'daytime', 'running', 'led', 'downhill', 'assist', 'control', 'driving', 'mode', 'selector', 'eco', 'mode', 'electric', 'handbrake', 'fog', 'lights', 'front', 'rear', 'climate', 'control', 'heated', 'cooled', 'seats', 'heated', 'steering', 'wheel', 'keyless', 'entry', 'exit', 'lane', 'departure', 'warning', 'system', 'ldws', 'leather', 'seats', 'memory', 'seats', 'multi', 'functional', 'steering', 'multimedia', 'centre', 'console', 'parking', 'sensors', 'cameras', 'power', 'boot', 'power', 'door', 'locks', 'power', 'seats', 'power', 'side', 'mirrors', 'power', 'steering', 'power', 'sunroof', 'power', 'window', 'pre', 'crash', 'detection', 'assist', 'push', 'to', 'start', 'radio', 'reverse', 'camera', 'roof', 'rails', 'side', 'steps', 'traction', 'control']",11.0
NISSAN,NOTE,UNKNOWN,80042,ORANGE,https://ahm-bucket.s3.eu-north-1.amazonaws.com/vehicles/2bJK0XgoaLh2CTt9Ac3ki0eKq7mLY713UuuuMB7L.jpeg,1200,85250.0,2018,MOMBASA,4382332,"1 ZONE CLIMATE CONTROL, 4 DOORS, 5 SEATER, ABS, ALLOY RIMS, CUP HOLDER, FABRIC SEATS, LANE DEPARTURE WARNING SYSTEM (LDWS), MANUAL SEATS CONTROL, POWER DOOR LOCKS, POWER SIDE MIRRORS, POWER STEERING, POWER WINDOW, PRE CRASH DETECTION ASSIST, PUSH  TO START, RADIO, SIDE MIRROR INDICATORS, TRACTION CONTROL",2018,NISSAN NOTE,"['1', 'zone', 'climate', 'control', '4', 'doors', '5', 'seater', 'abs', 'alloy', 'rims', 'cup', 'holder', 'fabric', 'seats', 'lane', 'departure', 'warning', 'system', 'ldws', 'manual', 'seats', 'control', 'power', 'door', 'locks', 'power', 'side', 'mirrors', 'power', 'steering', 'power', 'window', 'pre', 'crash', 'detection', 'assist', 'push', 'to', 'start', 'radio', 'side', 'mirror', 'indicators', 'traction', 'control']",4.0
SUBARU,IMPREZA,UNKNOWN,40085,WHITE,https://ahm-bucket.s3.eu-north-1.amazonaws.com/vehicles/2bJK0XgoaLh2CTt9Ac3ki0eKq7mLY713UuuuMB7L.jpeg,1600,102014.0,2018,NAIROBI,2358556,"12V ADAPTOR, 4 DOORS, 5 SEATER, ABS, AC CHARGER ADAPTER, CRUISE CONTROL, CUP HOLDER, ELECTRIC HANDBRAKE, FABRIC SEATS, FOG LIGHTS, KEY START, LANE DEPARTURE WARNING SYSTEM (LDWS), MULTI FUNCTIONAL STEERING, PADDLE SHIFTERS, POWER DOOR LOCKS, POWER SIDE MIRRORS, POWER STEERING, POWER WINDOW, PRE CRASH DETECTION ASSIST, PUSH  TO START, REVERSE CAMERA, TRACTION CONTROL",2018,SUBARU IMPREZA,"['12v', 'adaptor', '4', 'doors', '5', 'seater', 'abs', 'ac', 'charger', 'adapter', 'cruise', 'control', 'cup', 'holder', 'electric', 'handbrake', 'fabric', 'seats', 'fog', 'lights', 'key', 'start', 'lane', 'departure', 'warning', 'system', 'ldws', 'multi', 'functional', 'steering', 'paddle', 'shifters', 'power', 'door', 'locks', 'power', 'side', 'mirrors', 'power', 'steering', 'power', 'window', 'pre', 'crash', 'detection', 'assist', 'push', 'to', 'start', 'reverse', 'camera', 'traction', 'control']",6.0
HONDA,VEZEL,UNKNOWN,74853,WHITE,https://ahm-bucket.s3.eu-north-1.amazonaws.com/vehicles/2bJK0XgoaLh2CTt9Ac3ki0eKq7mLY713UuuuMB7L.jpeg,1500,90687.0,2018,MOMBASA,3206819,"12V ADAPTOR, 4 DOORS, 5 SEATER, ABS, AC CHARGER ADAPTER, ALLOY RIMS, CRUISE CONTROL, DAYTIME RUNNING LED, DRIVER'S ARMREST WITH STORAGE, ELECTRIC HANDBRAKE, FOG LIGHTS, HALF LEATHER SEATS, HEATED SEATS, HYBRID, KEYLESS ENTRY / EXIT, LANE DEPARTURE WARNING SYSTEM (LDWS), MULTI FUNCTIONAL STEERING, PADDLE SHIFTERS, PARKING SENSORS & CAMERAS, POWER DOOR LOCKS, POWER SIDE MIRRORS, POWER STEERING, POWER WINDOW, PRE CRASH DETECTION ASSIST, PUSH  TO START, REVERSE CAMERA, SIDE MIRROR INDICATORS, TRACTION CONTROL, USB PORT",2018,HONDA VEZEL,"['12v', 'adaptor', '4', 'doors', '5', 'seater', 'abs', 'ac', 'charger', 'adapter', 'alloy', 'rims', 'cruise', 'control', 'daytime', 'running', 'led', 'driver', 's', 'armrest', 'with', 'storage', 'electric', 'handbrake', 'fog', 'lights', 'half', 'leather', 'seats', 'heated', 'seats', 'hybrid', 'keyless', 'entry', 'exit', 'lane', 'departure', 'warning', 'system', 'ldws', 'multi', 'functional', 'steering', 'paddle', 'shifters', 'parking', 'sensors', 'cameras', 'power', 'door', 'locks', 'power', 'side', 'mirrors', 'power', 'steering', 'power', 'window', 'pre', 'crash', 'detection', 'assist', 'push', 'to', 'start', 'reverse', 'camera', 'side', 'mirror', 'indicators', 'traction', 'control', 'usb', 'port']",3.0
TOYOTA,LANDCRUISER 250,UNKNOWN,7084,RED,https://ahm-bucket.s3.eu-north-1.amazonaws.com/vehicles/2bJK0XgoaLh2CTt9Ac3ki0eKq7mLY713UuuuMB7L.jpeg,2800,19010.0,2024,NAIROBI,3440231,"360 DEGREES CAMERA, 4WD, 5 DOOR, 8 SEATER, ABS, ALLOY RIMS, CRUISE CONTROL, DAYTIME RUNNING LED, DOWNHILL ASSIST CONTROL, DRIVING MODE SELECTOR, ECO MODE, ELECTRIC HANDBRAKE, FOG LIGHTS, FRONT & REAR CLIMATE CONTROL, HEATED /COOLED SEATS, HEATED STEERING WHEEL, HEIGHT CONTROL, KEYLESS ENTRY / EXIT, LANE DEPARTURE WARNING SYSTEM (LDWS), LEATHER SEATS, MEMORY SEATS, MULTI FUNCTIONAL STEERING, MULTIMEDIA CENTRE CONSOLE, PARKING SENSORS & CAMERAS, POWER BOOT, POWER DOOR LOCKS, POWER SEATS, POWER SIDE MIRRORS, POWER STEERING, POWER SUNROOF, POWER WINDOW, PRE CRASH DETECTION ASSIST, PUSH  TO START, RADIO, REVERSE CAMERA, ROOF RAILS, SIDE STEPS, TRACTION CONTROL, WIRELESS CHARGER",2024,TOYOTA LANDCRUISER 250,"['360', 'degrees', 'camera', '4wd', '5', 'door', '8', 'seater', 'abs', 'alloy', 'rims', 'cruise', 'control', 'daytime', 'running', 'led', 'downhill', 'assist', 'control', 'driving', 'mode', 'selector', 'eco', 'mode', 'electric', 'handbrake', 'fog', 'lights', 'front', 'rear', 'climate', 'control', 'heated', 'cooled', 'seats', 'heated', 'steering', 'wheel', 'height', 'control', 'keyless', 'entry', 'exit', 'lane', 'departure', 'warning', 'system', 'ldws', 'leather', 'seats', 'memory', 'seats', 'multi', 'functional', 'steering', 'multimedia', 'centre', 'console', 'parking', 'sensors', 'cameras', 'power', 'boot', 'power', 'door', 'locks', 'power', 'seats', 'power', 'side', 'mirrors', 'power', 'steering', 'power', 'sunroof', 'power', 'window', 'pre', 'crash', 'detection', 'assist', 'push', 'to', 'start', 'radio', 'reverse', 'camera', 'roof', 'rails', 'side', 'steps', 'traction', 'control', 'wireless', 'charger']",8.0
TOYOTA,HARRIER,UNKNOWN,7855,BLACK,https://ahm-bucket.s3.eu-north-1.amazonaws.com/vehicles/2bJK0XgoaLh2CTt9Ac3ki0eKq7mLY713UuuuMB7L.jpeg,2000,97247.0,2018,MOMBASA,1949456,"5 SEATER, ABS, ALLOY RIMS, CRUISE CONTROL, CUP HOLDER, DAYTIME RUNNING LED, DRIVER'S ARMREST WITH STORAGE, ELECTRIC HANDBRAKE, FOG LIGHTS, KEYLESS ENTRY / EXIT, LANE DEPARTURE WARNING SYSTEM (LDWS), LEATHER SEATS, PARKING SENSORS & CAMERAS, POWER BOOT, POWER PANORAMIC SUNROOF, POWER SIDE MIRRORS, POWER STEERING, POWER WINDOW, PRE CRASH DETECTION ASSIST, PUSH  TO START, RADIO, SIDE MIRROR INDICATORS, TRACTION CONTROL",2018,TOYOTA HARRIER,"['5', 'seater', 'abs', 'alloy', 'rims', 'cruise', 'control', 'cup', 'holder', 'daytime', 'running', 'led', 'driver', 's', 'armrest', 'with', 'storage', 'electric', 'handbrake', 'fog', 'lights', 'keyless', 'entry', 'exit', 'lane', 'departure', 'warning', 'system', 'ldws', 'leather', 'seats', 'parking', 'sensors', 'cameras', 'power', 'boot', 'power', 'panoramic', 'sunroof', 'power', 'side', 'mirrors', 'power', 'steering', 'power', 'window', 'pre', 'crash', 'detection', 'assist', 'push', 'to', 'start', 'radio', 'side', 'mirror', 'indicators', 'traction', 'control']",6.0
TOYOTA,AQUA,UNKNOWN,28655,BLUE,https://ahm-bucket.s3.eu-north-1.amazonaws.com/vehicles/2bJK0XgoaLh2CTt9Ac3ki0eKq7mLY713UuuuMB7L.jpeg,1500,76515.0,2018,MOMBASA,5170391,"4 DOORS, 5 SEATER, ABS, CUP HOLDER, ECO MODE, FABRIC SEATS, HYBRID, KEY START, LANE DEPARTURE WARNING SYSTEM (LDWS), POWER DOOR LOCKS, POWER SIDE MIRRORS, POWER STEERING, POWER WINDOW, PRE CRASH DETECTION ASSIST, TRACTION CONTROL",2018,TOYOTA AQUA,"['4', 'doors', '5', 'seater', 'abs', 'cup', 'holder', 'eco', 'mode', 'fabric', 'seats', 'hybrid', 'key', 'start', 'lane', 'departure', 'warning', 'system', 'ldws', 'power', 'door', 'locks', 'power', 'side', 'mirrors', 'power', 'steering', 'power', 'window', 'pre', 'crash', 'detection', 'assist', 'traction', 'control']",6.0
VOLKSWAGEN,TIGUAN,UNKNOWN,50875,PEARL,https://ahm-bucket.s3.eu-north-1.amazonaws.com/vehicles/2bJK0XgoaLh2CTt9Ac3ki0eKq7mLY713UuuuMB7L.jpeg,2000,143852.0,2019,MOMBASA,792911,"12V ADAPTOR, 5 DOOR, 5 SEATER, ABS, ALLOY RIMS, CRUISE CONTROL, CUP HOLDER, DAYTIME RUNNING LED, FOG LIGHTS, HEATED SEATS, KEYLESS ENTRY / EXIT, LEATHER SEATS, LED HEADLIGHTS, PARKING SENSORS & CAMERAS, POWER BOOT, POWER DOOR LOCKS, POWER SEATS, POWER SIDE MIRRORS, POWER STEERING, POWER WINDOW, PUSH  TO START, SIDE MIRROR INDICATORS, TRACTION CONTROL",2019,VOLKSWAGEN TIGUAN,"['12v', 'adaptor', '5', 'door', '5', 'seater', 'abs', 'alloy', 'rims', 'cruise', 'control', 'cup', 'holder', 'daytime', 'running', 'led', 'fog', 'lights', 'heated', 'seats', 'keyless', 'entry', 'exit', 'leather', 'seats', 'led', 'headlights', 'parking', 'sensors', 'cameras', 'power', 'boot', 'power', 'door', 'locks', 'power', 'seats', 'power', 'side', 'mirrors', 'power', 'steering', 'power', 'window', 'push', 'to', 'start', 'side', 'mirror', 'indicators', 'traction', 'control']",7.0
TOYOTA,PASSO,UNKNOWN,25944,ORANGE,https://ahm-bucket.s3.eu-north-1.amazonaws.com/vehicles/2bJK0XgoaLh2CTt9Ac3ki0eKq7mLY713UuuuMB7L.jpeg,1000,92850.0,2019,NAIROBI,1835466,"12V ADAPTOR, 4 DOORS, 5 SEATER, ABS, AC CHARGER ADAPTER, CUP HOLDER, FABRIC SEATS, FOG LIGHTS, HEATED SEATS, MANUAL SEATS CONTROL, PARKING SENSORS & CAMERAS, POWER DOOR LOCKS, POWER SIDE MIRRORS, POWER STEERING, POWER WINDOW, PRE CRASH DETECTION ASSIST, PUSH  TO START, RADIO, SIDE MIRROR INDICATORS, TRACTION CONTROL, USB PORT",2019,TOYOTA PASSO,"['12v', 'adaptor', '4', 'doors', '5', 'seater', 'abs', 'ac', 'charger', 'adapter', 'cup', 'holder', 'fabric', 'seats', 'fog', 'lights', 'heated', 'seats', 'manual', 'seats', 'control', 'parking', 'sensors', 'cameras', 'power', 'door', 'locks', 'power', 'side', 'mirrors', 'power', 'steering', 'power', 'window', 'pre', 'crash', 'detection', 'assist', 'push', 'to', 'start', 'radio', 'side', 'mirror', 'indicators', 'traction', 'control', 'usb', 'port']",4.0
SUZUKI,S-CROSS,UNKNOWN,68598,WHITE,https://ahm-bucket.s3.eu-north-1.amazonaws.com/vehicles/2bJK0XgoaLh2CTt9Ac3ki0eKq7mLY713UuuuMB7L.jpeg,1600,89428.0,2018,MOMBASA,4340923,"12V ADAPTOR, 4 DOORS, 5 SEATER, ABS, ALLOY RIMS, CRUISE CONTROL, CUP HOLDER, DAYTIME RUNNING LED, FABRIC SEATS, FOG LIGHTS, KEYLESS ENTRY / EXIT, PADDLE SHIFTERS, POWER DOOR LOCKS, POWER SIDE MIRRORS, POWER STEERING, POWER WINDOW, PUSH  TO START, SIDE MIRROR INDICATORS, TRACTION CONTROL",2018,SUZUKI S-CROSS,"['12v', 'adaptor', '4', 'doors', '5', 'seater', 'abs', 'alloy', 'rims', 'cruise', 'control', 'cup', 'holder', 'daytime', 'running', 'led', 'fabric', 'seats', 'fog', 'lights', 'keyless', 'entry', 'exit', 'paddle', 'shifters', 'power', 'door', 'locks', 'power', 'side', 'mirrors', 'power', 'steering', 'power', 'window', 'push', 'to', 'start', 'side', 'mirror', 'indicators', 'traction', 'control']",2.0
SUZUKI,ESCUDO,UNKNOWN,5465,WHITE,https://ahm-bucket.s3.eu-north-1.amazonaws.com/vehicles/2bJK0XgoaLh2CTt9Ac3ki0eKq7mLY713UuuuMB7L.jpeg,1400,87236.0,2019,NAIROBI,1256574,"12V ADAPTOR, 4 DOORS, 5 SEATER, ABS, ALLOY RIMS, CRUISE CONTROL, CUP HOLDER, FABRIC SEATS, FOG LIGHTS, HEATED SEATS, MULTI FUNCTIONAL STEERING, POWER DOOR LOCKS, POWER SIDE MIRRORS, POWER STEERING, POWER WINDOW, PRE CRASH DETECTION ASSIST, PUSH  TO START, SIDE MIRROR INDICATORS, TRACTION CONTROL",2019,SUZUKI ESCUDO,"['12v', 'adaptor', '4', 'doors', '5', 'seater', 'abs', 'alloy', 'rims', 'cruise', 'control', 'cup', 'holder', 'fabric', 'seats', 'fog', 'lights', 'heated', 'seats', 'multi', 'functional', 'steering', 'power', 'door', 'locks', 'power', 'side', 'mirrors', 'power', 'steering', 'power', 'window', 'pre', 'crash', 'detection', 'assist', 'push', 'to', 'start', 'side', 'mirror', 'indicators', 'traction', 'control']",3.0
NISSAN,NV200,UNKNOWN,32691,RED,https://ahm-bucket.s3.eu-north-1.amazonaws.com/vehicles/2bJK0XgoaLh2CTt9Ac3ki0eKq7mLY713UuuuMB7L.jpeg,1600,150657.0,2019,MOMBASA,4177209,"12V ADAPTOR, 2 POWER WINDOWS, ABS, CUP HOLDER, FABRIC SEATS, KEY START, POWER DOOR LOCKS, POWER STEERING, POWER WINDOW, VAN",2019,NISSAN NV200,"['12v', 'adaptor', '2', 'power', 'windows', 'abs', 'cup', 'holder', 'fabric', 'seats', 'key', 'start', 'power', 'door', 'locks', 'power', 'steering', 'power', 'window', 'van']",1.0
JEEP,WRANGLER,UNKNOWN,76907,BLACK,https://ahm-bucket.s3.eu-north-1.amazonaws.com/vehicles/2bJK0XgoaLh2CTt9Ac3ki0eKq7mLY713UuuuMB7L.jpeg,3600,76322.0,2018,MOMBASA,2160372,"4 DOORS, 4WD, 5 SEATER, ABS, ALLOY RIMS, CRUISE CONTROL, CUP HOLDER, DOWNHILL ASSIST CONTROL, FOG LIGHTS, KEY START, LEATHER SEATS, POWER DOOR LOCKS, POWER SIDE MIRRORS, POWER STEERING, POWER WINDOW, TRACTION CONTROL",2018,JEEP WRANGLER,"['4', 'doors', '4wd', '5', 'seater', 'abs', 'alloy', 'rims', 'cruise', 'control', 'cup', 'holder', 'downhill', 'assist', 'control', 'fog', 'lights', 'key', 'start', 'leather', 'seats', 'power', 'door', 'locks', 'power', 'side', 'mirrors', 'power', 'steering', 'power', 'window', 'traction', 'control']",9.0
MERCEDEZ BENZ,C43,UNKNOWN,32652,BLUE,https://ahm-bucket.s3.eu-north-1.amazonaws.com/vehicles/2bJK0XgoaLh2CTt9Ac3ki0eKq7mLY713UuuuMB7L.jpeg,3000,45130.0,2018,NAIROBI,4695457,"4 DOORS, 5 SEATER, ABS, ALLOY RIMS, AMBIENT LIGHTING, AMG RIMS, BURMESTER HIGH-END 3D SORROUND SYSTEM, CRUISE CONTROL, CUP HOLDER, DAYTIME RUNNING LED, DOUBLE SUNROOF, DRIVING MODE SELECTOR, ELECTRIC HANDBRAKE, HEATED SEATS, KEYLESS ENTRY / EXIT, LANE DEPARTURE WARNING SYSTEM (LDWS), LEATHER SEATS, LED HEADLIGHTS, LUMBAR SUPPORT, MULTI FUNCTIONAL STEERING, MULTIMEDIA CENTRE CONSOLE, PADDLE SHIFTERS, PARKING SENSORS & CAMERAS, POWER BOOT, POWER DOOR LOCKS, POWER SEATS, POWER SIDE MIRRORS, POWER STEERING, POWER WINDOW, PUSH  TO START, SIDE MIRROR INDICATORS, STEERING ASSIST, SUSPENSION CONTROL, TRACTION CONTROL",2018,MERCEDEZ BENZ C43,"['4', 'doors', '5', 'seater', 'abs', 'alloy', 'rims', 'ambient', 'lighting', 'amg', 'rims', 'burmester', 'high', 'end', '3d', 'sorround', 'system', 'cruise', 'control', 'cup', 'holder', 'daytime', 'running', 'led', 'double', 'sunroof', 'driving', 'mode', 'selector', 'electric', 'handbrake', 'heated', 'seats', 'keyless', 'entry', 'exit', 'lane', 'departure', 'warning', 'system', 'ldws', 'leather', 'seats', 'led', 'headlights', 'lumbar', 'support', 'multi', 'functional', 'steering', 'multimedia', 'centre', 'console', 'paddle', 'shifters', 'parking', 'sensors', 'cameras', 'power', 'boot', 'power', 'door', 'locks', 'power', 'seats', 'power', 'side', 'mirrors', 'power', 'steering', 'power', 'window', 'push', 'to', 'start', 'side', 'mirror', 'indicators', 'steering', 'assist', 'suspension', 'control', 'traction', 'control']",3.0
MERCEDEZ BENZ,B200,UNKNOWN,55665,PEARL,https://ahm-bucket.s3.eu-north-1.amazonaws.com/vehicles/2bJK0XgoaLh2CTt9Ac3ki0eKq7mLY713UuuuMB7L.jpeg,2000,70900.0,2019,MOMBASA,2520972,"12V ADAPTOR, 4 DOORS, 5 SEATER, ABS, ALLOY RIMS, AMBIENT LIGHTING, CRUISE CONTROL, CUP HOLDER, DAYTIME RUNNING LED, DOUBLE SUNROOF, DRIVING MODE SELECTOR, ELECTRIC HANDBRAKE, HEATED SEATS, KEYLESS ENTRY / EXIT, LANE DEPARTURE WARNING SYSTEM (LDWS), LEATHER SEATS, LED HEADLIGHTS, MULTI FUNCTIONAL STEERING, MULTICOLOR AMBIENT LIGHTING, MULTILINGUAL CENTER CONSOLE, MULTIMEDIA CENTRE CONSOLE, PARKING SENSORS & CAMERAS, POWER BOOT, POWER DOOR LOCKS, POWER SEATS, POWER SIDE MIRRORS, POWER STEERING, POWER SUNROOF, POWER WINDOW, PUSH  TO START, REVERSE CAMERA, TRACTION CONTROL, WIRELESS CHARGER",2019,MERCEDEZ BENZ B200,"['12v', 'adaptor', '4', 'doors', '5', 'seater', 'abs', 'alloy', 'rims', 'ambient', 'lighting', 'cruise', 'control', 'cup', 'holder', 'daytime', 'running', 'led', 'double', 'sunroof', 'driving', 'mode', 'selector', 'electric', 'handbrake', 'heated', 'seats', 'keyless', 'entry', 'exit', 'lane', 'departure', 'warning', 'system', 'ldws', 'leather', 'seats', 'led', 'headlights', 'multi', 'functional', 'steering', 'multicolor', 'ambient', 'lighting', 'multilingual', 'center', 'console', 'multimedia', 'centre', 'console', 'parking', 'sensors', 'cameras', 'power', 'boot', 'power', 'door', 'locks', 'power', 'seats', 'power', 'side', 'mirrors', 'power', 'steering', 'power', 'sunroof', 'power', 'window', 'push', 'to', 'start', 'reverse', 'camera', 'traction', 'control', 'wireless', 'charger']",9.0
TOYOTA,LANDCRUISER 250,UNKNOWN,325,ORANGE,https://ahm-bucket.s3.eu-north-1.amazonaws.com/vehicles/2bJK0XgoaLh2CTt9Ac3ki0eKq7mLY713UuuuMB7L.jpeg,2800,11798.0,2024,NAIROBI,1775514,"12V ADAPTOR, 360 DEGREES CAMERA, 4WD, 5 DOOR, 7 SEATER, ABS, ALLOY RIMS, CRUISE CONTROL, CUP HOLDER, DAYTIME RUNNING LED, DIGITAL DISPLAY, DOWNHILL ASSIST CONTROL, DRIVING MODE SELECTOR, ECO MODE, ELECTRIC HANDBRAKE, FOG LIGHTS, FRONT & REAR CLIMATE CONTROL, HEATED /COOLED SEATS, HEATED STEERING WHEEL, KEYLESS ENTRY / EXIT, LANE DEPARTURE WARNING SYSTEM (LDWS), LEATHER SEATS, LED HEADLIGHTS, MEMORY SEATS, MULTI FUNCTIONAL STEERING, MULTIMEDIA CENTRE CONSOLE, PARKING SENSORS & CAMERAS, POWER BOOT, POWER DOOR LOCKS, POWER SEATS, POWER SIDE MIRRORS, POWER STEERING, POWER SUNROOF, POWER WINDOW, PRE CRASH DETECTION ASSIST, PUSH  TO START, RADIO, REVERSE CAMERA, ROOF RAILS, SIDE STEPS, TRACTION CONTROL, WIRELESS CHARGER",2024,TOYOTA LANDCRUISER 250,"['12v', 'adaptor', '360', 'degrees', 'camera', '4wd', '5', 'door', '7', 'seater', 'abs', 'alloy', 'rims', 'cruise', 'control', 'cup', 'holder', 'daytime', 'running', 'led', 'digital', 'display', 'downhill', 'assist', 'control', 'driving', 'mode', 'selector', 'eco', 'mode', 'electric', 'handbrake', 'fog', 'lights', 'front', 'rear', 'climate', 'control', 'heated', 'cooled', 'seats', 'heated', 'steering', 'wheel', 'keyless', 'entry', 'exit', 'lane', 'departure', 'warning', 'system', 'ldws', 'leather', 'seats', 'led', 'headlights', 'memory', 'seats', 'multi', 'functional', 'steering', 'multimedia', 'centre', 'console', 'parking', 'sensors', 'cameras', 'power', 'boot', 'power', 'door', 'locks', 'power', 'seats', 'power', 'side', 'mirrors', 'power', 'steering', 'power', 'sunroof', 'power', 'window', 'pre', 'crash', 'detection', 'assist', 'push', 'to', 'start', 'radio', 'reverse', 'camera', 'roof', 'rails', 'side', 'steps', 'traction', 'control', 'wireless', 'charger']",6.0
TOYOTA,FIELDER,UNKNOWN,75118,WHITE,https://ahm-bucket.s3.eu-north-1.amazonaws.com/vehicles/2bJK0XgoaLh2CTt9Ac3ki0eKq7mLY713UuuuMB7L.jpeg,1500,95997.0,2018,KISUMU,4458495,"12V ADAPTOR, 4 DOORS, 5 SEATER, ABS, CUP HOLDER, FABRIC SEATS, HYBRID, KEY START, LANE DEPARTURE WARNING SYSTEM (LDWS), POWER DOOR LOCKS, POWER SIDE MIRRORS, POWER STEERING, POWER WINDOW, PRE CRASH DETECTION ASSIST, TRACTION CONTROL",2018,TOYOTA FIELDER,"['12v', 'adaptor', '4', 'doors', '5', 'seater', 'abs', 'cup', 'holder', 'fabric', 'seats', 'hybrid', 'key', 'start', 'lane', 'departure', 'warning', 'system', 'ldws', 'power', 'door', 'locks', 'power', 'side', 'mirrors', 'power', 'steering', 'power', 'window', 'pre', 'crash', 'detection', 'assist', 'traction', 'control']",3.0
MERCEDEZ BENZ,A180,UNKNOWN,61182,WHITE,https://ahm-bucket.s3.eu-north-1.amazonaws.com/vehicles/2bJK0XgoaLh2CTt9Ac3ki0eKq7mLY713UuuuMB7L.jpeg,1600,24913.0,2018,NAIROBI,2629913,"12V ADAPTOR, 4 DOORS, 5 SEATER, ABS, ALLOY RIMS, CRUISE CONTROL, CUP HOLDER, DAYTIME RUNNING LED, ELECTRIC HANDBRAKE, FABRIC SEATS, HALF LEATHER SEATS, HEATED SEATS, KEYLESS ENTRY / EXIT, LEATHER SEATS, LED HEADLIGHTS, LUMBAR SUPPORT, MULTI FUNCTIONAL STEERING, PADDLE SHIFTERS, PARKING SENSORS & CAMERAS, POWER DOOR LOCKS, POWER SIDE MIRRORS, POWER STEERING, POWER WINDOW, PUSH  TO START, SIDE MIRROR INDICATORS, TRACTION CONTROL",2018,MERCEDEZ BENZ A180,"['12v', 'adaptor', '4', 'doors', '5', 'seater', 'abs', 'alloy', 'rims', 'cruise', 'control', 'cup', 'holder', 'daytime', 'running', 'led', 'electric', 'handbrake', 'fabric', 'seats', 'half', 'leather', 'seats', 'heated', 'seats', 'keyless', 'entry', 'exit', 'leather', 'seats', 'led', 'headlights', 'lumbar', 'support', 'multi', 'functional', 'steering', 'paddle', 'shifters', 'parking', 'sensors', 'cameras', 'power', 'door', 'locks', 'power', 'side', 'mirrors', 'power', 'steering', 'power', 'window', 'push', 'to', 'start', 'side', 'mirror', 'indicators', 'traction', 'control']",6.0
BMW,X6,UNKNOWN,56405,RED,https://ahm-bucket.s3.eu-north-1.amazonaws.com/vehicles/2bJK0XgoaLh2CTt9Ac3ki0eKq7mLY713UuuuMB7L.jpeg,3000,116387.0,2018,NAIROBI,2292093,"12V ADAPTOR, 360 DEGREES CAMERA, 4 DOORS, 5 DOOR, ABS, ALLOY RIMS, CRUISE CONTROL, CUP HOLDER, DAYTIME RUNNING LED, DUAL REAR EXHAUST, ELECTRIC HANDBRAKE, FOG LIGHTS, HEATED SEATS, KEYLESS ENTRY / EXIT, LANE DEPARTURE WARNING SYSTEM (LDWS), LEATHER SEATS, LED HEADLIGHTS, MULTI FUNCTIONAL STEERING, MULTICOLOR AMBIENT LIGHTING, MULTIMEDIA CENTRE CONSOLE, PADDLE SHIFTERS, PARKING SENSORS & CAMERAS, POWER BOOT, POWER DOOR LOCKS, POWER SEATS, POWER SIDE MIRRORS, POWER STEERING, POWER SUNROOF, POWER TAILGATE, POWER WINDOW, PRE CRASH DETECTION ASSIST, PUSH  TO START, REVERSE CAMERA, SIDE MIRROR INDICATORS, SOFT DOOR CLOSE, TRACTION CONTROL, USB PORT",2018,BMW X6,"['12v', 'adaptor', '360', 'degrees', 'camera', '4', 'doors', '5', 'door', 'abs', 'alloy', 'rims', 'cruise', 'control', 'cup', 'holder', 'daytime', 'running', 'led', 'dual', 'rear', 'exhaust', 'electric', 'handbrake', 'fog', 'lights', 'heated', 'seats', 'keyless', 'entry', 'exit', 'lane', 'departure', 'warning', 'system', 'ldws', 'leather', 'seats', 'led', 'headlights', 'multi', 'functional', 'steering', 'multicolor', 'ambient', 'lighting', 'multimedia', 'centre', 'console', 'paddle', 'shifters', 'parking', 'sensors', 'cameras', 'power', 'boot', 'power', 'door', 'locks', 'power', 'seats', 'power', 'side', 'mirrors', 'power', 'steering', 'power', 'sunroof', 'power', 'tailgate', 'power', 'window', 'pre', 'crash', 'detection', 'assist', 'push', 'to', 'start', 'reverse', 'camera', 'side', 'mirror', 'indicators', 'soft', 'door', 'close', 'traction', 'control', 'usb', 'port']",11.0
PORSCHE,CAYENNE,UNKNOWN,60472,BLACK,https://ahm-bucket.s3.eu-north-1.amazonaws.com/vehicles/2bJK0XgoaLh2CTt9Ac3ki0eKq7mLY713UuuuMB7L.jpeg,2900,105731.0,2018,NAIROBI,3093461,"12V ADAPTOR, 360 DEGREES CAMERA, 5 DOOR, 5 SEATER, ABS, AC CHARGER ADAPTER, ALLOY RIMS, CRUISE CONTROL, CUP HOLDER, DAYTIME RUNNING LED, DIGITAL DISPLAY, DRIVER'S ARMREST WITH STORAGE, DRIVING MODE SELECTOR, DUAL A/C, ELECTRIC HANDBRAKE, HEATED /COOLED SEATS, LEATHER SEATS, LED HEADLIGHTS, MEMORY SEATS, MULTI FUNCTIONAL STEERING, MULTIMEDIA CENTRE CONSOLE, PADDLE SHIFTERS, PARKING SENSORS & CAMERAS, POWER BOOT, POWER DOOR LOCKS, POWER PANORAMIC SUNROOF, POWER SEATS, POWER SIDE MIRRORS, POWER STEERING, POWER SUNROOF, POWER WINDOW, REVERSE WARNING BUZZER, SIDE MIRROR INDICATORS, SUSPENSION CONTROL, TRACTION CONTROL",2018,PORSCHE CAYENNE,"['12v', 'adaptor', '360', 'degrees', 'camera', '5', 'door', '5', 'seater', 'abs', 'ac', 'charger', 'adapter', 'alloy', 'rims', 'cruise', 'control', 'cup', 'holder', 'daytime', 'running', 'led', 'digital', 'display', 'driver', 's', 'armrest', 'with', 'storage', 'driving', 'mode', 'selector', 'dual', 'a', 'c', 'electric', 'handbrake', 'heated', 'cooled', 'seats', 'leather', 'seats', 'led', 'headlights', 'memory', 'seats', 'multi', 'functional', 'steering', 'multimedia', 'centre', 'console', 'paddle', 'shifters', 'parking', 'sensors', 'cameras', 'power', 'boot', 'power', 'door', 'locks', 'power', 'panoramic', 'sunroof', 'power', 'seats', 'power', 'side', 'mirrors', 'power', 'steering', 'power', 'sunroof', 'power', 'window', 'reverse', 'warning', 'buzzer', 'side', 'mirror', 'indicators', 'suspension', 'control', 'traction', 'control']",9.0
TOYOTA,HARRIER,UNKNOWN,13881,BLUE,https://ahm-bucket.s3.eu-north-1.amazonaws.com/vehicles/2bJK0XgoaLh2CTt9Ac3ki0eKq7mLY713UuuuMB7L.jpeg,2000,28007.0,2020,NAIROBI,2495443,"12V ADAPTOR, 4 DOORS, 5 SEATER, ABS, ALLOY RIMS, CRUISE CONTROL, CUP HOLDER, DAYTIME RUNNING LED, DRIVER'S ARMREST WITH STORAGE, FOG LIGHTS, KEYLESS ENTRY / EXIT, LANE DEPARTURE WARNING SYSTEM (LDWS), LEATHER SEATS, PARKING SENSORS & CAMERAS, POWER DOOR LOCKS, POWER SIDE MIRRORS, POWER STEERING, POWER WINDOW, PRE CRASH DETECTION ASSIST, PUSH  TO START, RADIO, SIDE MIRROR INDICATORS, TRACTION CONTROL",2020,TOYOTA HARRIER,"['12v', 'adaptor', '4', 'doors', '5', 'seater', 'abs', 'alloy', 'rims', 'cruise', 'control', 'cup', 'holder', 'daytime', 'running', 'led', 'driver', 's', 'armrest', 'with', 'storage', 'fog', 'lights', 'keyless', 'entry', 'exit', 'lane', 'departure', 'warning', 'system', 'ldws', 'leather', 'seats', 'parking', 'sensors', 'cameras', 'power', 'door', 'locks', 'power', 'side', 'mirrors', 'power', 'steering', 'power', 'window', 'pre', 'crash', 'detection', 'assist', 'push', 'to', 'start', 'radio', 'side', 'mirror', 'indicators', 'traction', 'control']",10.0
SUBARU,JUSTY,UNKNOWN,4044,PEARL,https://ahm-bucket.s3.eu-north-1.amazonaws.com/vehicles/2bJK0XgoaLh2CTt9Ac3ki0eKq7mLY713UuuuMB7L.jpeg,1000,89000.0,2018,KISUMU,604630,"12V ADAPTOR, 5 DOOR, 5 SEATER, ABS, ALLOY RIMS, CRUISE CONTROL, CUP HOLDER, DAYTIME RUNNING LED, FABRIC SEATS, FOG LIGHTS, KEYLESS ENTRY / EXIT, LANE DEPARTURE WARNING SYSTEM (LDWS), MANUAL SEATS CONTROL, MULTI FUNCTIONAL STEERING, POWER DOOR LOCKS, POWER SIDE MIRRORS, POWER STEERING, POWER WINDOW, PRE CRASH DETECTION ASSIST, PUSH  TO START, SIDE MIRROR INDICATORS, TRACTION CONTROL, USB PORT",2018,SUBARU JUSTY,"['12v', 'adaptor', '5', 'door', '5', 'seater', 'abs', 'alloy', 'rims', 'cruise', 'control', 'cup', 'holder', 'daytime', 'running', 'led', 'fabric', 'seats', 'fog', 'lights', 'keyless', 'entry', 'exit', 'lane', 'departure', 'warning', 'system', 'ldws', 'manual', 'seats', 'control', 'multi', 'functional', 'steering', 'power', 'door', 'locks', 'power', 'side', 'mirrors', 'power', 'steering', 'power', 'window', 'pre', 'crash', 'detection', 'assist', 'push', 'to', 'start', 'side', 'mirror', 'indicators', 'traction', 'control', 'usb', 'port']",4.0
LEXUS,LX600,UNKNOWN,9423,ORANGE,https://ahm-bucket.s3.eu-north-1.amazonaws.com/vehicles/2bJK0XgoaLh2CTt9Ac3ki0eKq7mLY713UuuuMB7L.jpeg,3500,24673.0,2022,MOMBASA,1242604,"12V ADAPTOR, 360 DEGREES CAMERA, 5 DOOR, 7 SEATER, ABS, ALLOY RIMS, Blind spot monitoring (BSM), COOLER BOX, CRUISE CONTROL, CUP HOLDER, DAYTIME RUNNING LED, DRIVING MODE SELECTOR, ECO MODE, ELECTRIC HANDBRAKE, FOG LIGHTS, FRONT & REAR CLIMATE CONTROL, HEADLIGHT WASHERS, HEATED /COOLED SEATS, HEATED STEERING WHEEL, HEIGHT CONTROL, HI-LO GEAR SELECTION, KEYLESS ENTRY / EXIT, LANE DEPARTURE WARNING SYSTEM (LDWS), LEATHER SEATS, LED HEADLIGHTS, LEXUS FLOOR CARPET, MEMORY SEATS, MULTI CLIMATE CONTROL, MULTI FUNCTIONAL STEERING, MULTILINGUAL CENTER CONSOLE, MULTIMEDIA CENTRE CONSOLE, PADDLE SHIFTERS, PARKING SENSORS & CAMERAS, POWER BOOT, POWER DOOR LOCKS, POWER SEATS, POWER SIDE MIRRORS, POWER STEERING, POWER SUNROOF, POWER TAILGATE, POWER WINDOW, PRE CRASH DETECTION ASSIST, PUSH  TO START, SIDE MIRROR INDICATORS, SOFT DOOR CLOSE, TRACTION CONTROL, USB PORT, USB PORTS, WIRELESS CHARGER",2022,LEXUS LX600,"['12v', 'adaptor', '360', 'degrees', 'camera', '5', 'door', '7', 'seater', 'abs', 'alloy', 'rims', 'blind', 'spot', 'monitoring', 'bsm', 'cooler', 'box', 'cruise', 'control', 'cup', 'holder', 'daytime', 'running', 'led', 'driving', 'mode', 'selector', 'eco', 'mode', 'electric', 'handbrake', 'fog', 'lights', 'front', 'rear', 'climate', 'control', 'headlight', 'washers', 'heated', 'cooled', 'seats', 'heated', 'steering', 'wheel', 'height', 'control', 'hi', 'lo', 'gear', 'selection', 'keyless', 'entry', 'exit', 'lane', 'departure', 'warning', 'system', 'ldws', 'leather', 'seats', 'led', 'headlights', 'lexus', 'floor', 'carpet', 'memory', 'seats', 'multi', 'climate', 'control', 'multi', 'functional', 'steering', 'multilingual', 'center', 'console', 'multimedia', 'centre', 'console', 'paddle', 'shifters', 'parking', 'sensors', 'cameras', 'power', 'boot', 'power', 'door', 'locks', 'power', 'seats', 'power', 'side', 'mirrors', 'power', 'steering', 'power', 'sunroof', 'power', 'tailgate', 'power', 'window', 'pre', 'crash', 'detection', 'assist', 'push', 'to', 'start', 'side', 'mirror', 'indicators', 'soft', 'door', 'close', 'traction', 'control', 'usb', 'port', 'usb', 'ports', 'wireless', 'charger']",0.0
NISSAN,NV200,UNKNOWN,24996,WHITE,https://ahm-bucket.s3.eu-north-1.amazonaws.com/vehicles/2bJK0XgoaLh2CTt9Ac3ki0eKq7mLY713UuuuMB7L.jpeg,1600,206200.0,2018,KISUMU,5125567,"12V ADAPTOR, 2 POWER WINDOWS, 5 DOOR, ABS, CUP HOLDER, FABRIC SEATS, KEY START, POWER DOOR LOCKS, POWER STEERING, RADIO, TRACTION CONTROL, VAN",2018,NISSAN NV200,"['12v', 'adaptor', '2', 'power', 'windows', '5', 'door', 'abs', 'cup', 'holder', 'fabric', 'seats', 'key', 'start', 'power', 'door', 'locks', 'power', 'steering', 'radio', 'traction', 'control', 'van']",5.0
TOYOTA,PRADO,UNKNOWN,2831,WHITE,https://ahm-bucket.s3.eu-north-1.amazonaws.com/vehicles/2bJK0XgoaLh2CTt9Ac3ki0eKq7mLY713UuuuMB7L.jpeg,2700,86208.0,2019,MOMBASA,2468419,"12V ADAPTOR, 4WD, 5 DOOR, 7 SEATER, ABS, ABS CONTROL, ALLOY RIMS, CRUISE CONTROL, CUP HOLDER, DAYTIME RUNNING LED, DRIVER'S ARMREST WITH STORAGE, FOG LIGHTS, HEATED /COOLED SEATS, KEYLESS ENTRY / EXIT, LANE DEPARTURE WARNING SYSTEM (LDWS), LED HEADLIGHTS, MULTI FUNCTIONAL STEERING, PARKING SENSORS & CAMERAS, POWER DOOR LOCKS, POWER SEATS, POWER SIDE MIRRORS, POWER STEERING, POWER SUNROOF, POWER WINDOW, PRE CRASH DETECTION ASSIST, PUSH  TO START, REVERSE CAMERA, REVERSE WARNING BUZZER, ROOF RAILS, SIDE MIRROR INDICATORS, TRACTION CONTROL, USB PORT",2019,TOYOTA PRADO,"['12v', 'adaptor', '4wd', '5', 'door', '7', 'seater', 'abs', 'abs', 'control', 'alloy', 'rims', 'cruise', 'control', 'cup', 'holder', 'daytime', 'running', 'led', 'driver', 's', 'armrest', 'with', 'storage', 'fog', 'lights', 'heated', 'cooled', 'seats', 'keyless', 'entry', 'exit', 'lane', 'departure', 'warning', 'system', 'ldws', 'led', 'headlights', 'multi', 'functional', 'steering', 'parking', 'sensors', 'cameras', 'power', 'door', 'locks', 'power', 'seats', 'power', 'side', 'mirrors', 'power', 'steering', 'power', 'sunroof', 'power', 'window', 'pre', 'crash', 'detection', 'assist', 'push', 'to', 'start', 'reverse', 'camera', 'reverse', 'warning', 'buzzer', 'roof', 'rails', 'side', 'mirror', 'indicators', 'traction', 'control', 'usb', 'port']",7.0
AUDI,Q5,UNKNOWN,748,RED,https://ahm-bucket.s3.eu-north-1.amazonaws.com/vehicles/2bJK0XgoaLh2CTt9Ac3ki0eKq7mLY713UuuuMB7L.jpeg,2000,101150.0,2018,MOMBASA,2204775,"12V ADAPTOR, 4 DOORS, 5 SEATER, ABS, ALLOY RIMS, AWD, CLIMATE CONTROL SETTINGS, CRUISE CONTROL, CUP HOLDER, DAYTIME RUNNING LED, DRIVER'S ARMREST WITH STORAGE, ELECTRIC HANDBRAKE, FABRIC SEATS, HALF LEATHER SEATS, HEATED SEATS, KEYLESS ENTRY / EXIT, LEATHER SEATS, LED HEADLIGHTS, MULTIMEDIA CENTRE CONSOLE, PADDLE SHIFTERS, PARKING SENSORS, PARKING SENSORS & CAMERAS, POWER BOOT, POWER DOOR LOCKS, POWER SEATS, POWER SIDE MIRRORS, POWER STEERING, POWER TAILGATE, POWER WINDOW, PUSH  TO START, RADIO, REAR SEAT ARMREST, REVERSE CAMERA, SIDE MIRROR INDICATORS, TRACTION CONTROL, TYRE PRESSURE MONITOR",2018,AUDI Q5,"['12v', 'adaptor', '4', 'doors', '5', 'seater', 'abs', 'alloy', 'rims', 'awd', 'climate', 'control', 'settings', 'cruise', 'control', 'cup', 'holder', 'daytime', 'running', 'led', 'driver', 's', 'armrest', 'with', 'storage', 'electric', 'handbrake', 'fabric', 'seats', 'half', 'leather', 'seats', 'heated', 'seats', 'keyless', 'entry', 'exit', 'leather', 'seats', 'led', 'headlights', 'multimedia', 'centre', 'console', 'paddle', 'shifters', 'parking', 'sensors', 'parking', 'sensors', 'cameras', 'power', 'boot', 'power', 'door', 'locks', 'power', 'seats', 'power', 'side', 'mirrors', 'power', 'steering', 'power', 'tailgate', 'power', 'window', 'push', 'to', 'start', 'radio', 'rear', 'seat', 'armrest', 'reverse', 'camera', 'side', 'mirror', 'indicators', 'traction', 'control', 'tyre', 'pressure', 'monitor']",4.0
HONDA,GRACE,UNKNOWN,449,BLACK,https://ahm-bucket.s3.eu-north-1.amazonaws.com/vehicles/2bJK0XgoaLh2CTt9Ac3ki0eKq7mLY713UuuuMB7L.jpeg,1500,58750.0,2018,NAIROBI,2336344,"12V ADAPTOR, 4 DOORS, 5 SEATER, 5 SPEED MANUAL TRANSMISSION, ABS, DAYTIME RUNNING LED, FABRIC SEATS, KEY START, POWER DOOR LOCKS, POWER SIDE MIRRORS, POWER STEERING, POWER WINDOW, RADIO, TRACTION CONTROL",2018,HONDA GRACE,"['12v', 'adaptor', '4', 'doors', '5', 'seater', '5', 'speed', 'manual', 'transmission', 'abs', 'daytime', 'running', 'led', 'fabric', 'seats', 'key', 'start', 'power', 'door', 'locks', 'power', 'side', 'mirrors', 'power', 'steering', 'power', 'window', 'radio', 'traction', 'control']",7.0
MAZDA,AXELA,UNKNOWN,1503,BLUE,https://ahm-bucket.s3.eu-north-1.amazonaws.com/vehicles/2bJK0XgoaLh2CTt9Ac3ki0eKq7mLY713UuuuMB7L.jpeg,1600,28480.0,2018,NAIROBI,757168,"12V ADAPTOR, 4 DOORS, 5 SEATER, 5 SPEED MANUAL TRANSMISSION, ABS, ALLOY RIMS, FABRIC SEATS, MANUAL SEATS CONTROL, POWER DOOR LOCKS, POWER SIDE MIRRORS, POWER STEERING, POWER WINDOW, PUSH  TO START",2018,MAZDA AXELA,"['12v', 'adaptor', '4', 'doors', '5', 'seater', '5', 'speed', 'manual', 'transmission', 'abs', 'alloy', 'rims', 'fabric', 'seats', 'manual', 'seats', 'control', 'power', 'door', 'locks', 'power', 'side', 'mirrors', 'power', 'steering', 'power', 'window', 'push', 'to', 'start']",5.0
NISSAN,NV200,UNKNOWN,21521,PEARL,https://ahm-bucket.s3.eu-north-1.amazonaws.com/vehicles/2bJK0XgoaLh2CTt9Ac3ki0eKq7mLY713UuuuMB7L.jpeg,1600,140180.0,2018,MOMBASA,1948883,"12V ADAPTOR, 2 POWER WINDOWS, 5 DOOR, ABS, CUP HOLDER, FABRIC SEATS, KEY START, MANUAL SEATS CONTROL, POWER STEERING, RADIO, TRACTION CONTROL, VAN",2018,NISSAN NV200,"['12v', 'adaptor', '2', 'power', 'windows', '5', 'door', 'abs', 'cup', 'holder', 'fabric', 'seats', 'key', 'start', 'manual', 'seats', 'control', 'power', 'steering', 'radio', 'traction', 'control', 'van']",2.0
TOYOTA,PROBOX,UNKNOWN,44935,ORANGE,https://ahm-bucket.s3.eu-north-1.amazonaws.com/vehicles/2bJK0XgoaLh2CTt9Ac3ki0eKq7mLY713UuuuMB7L.jpeg,1300,111906.0,2019,NAIROBI,2666453,"1 POWER WINDOW, 12V ADAPTOR, 2ND ROW BENCH SEAT, 5 DOOR, 5 SEATER, ABS, CUP HOLDER, FABRIC SEATS, KEY START, LANE DEPARTURE WARNING SYSTEM (LDWS), MANUAL SEATS CONTROL, POWER DOOR LOCKS, POWER SIDE MIRRORS, POWER STEERING, PRE CRASH DETECTION ASSIST, RADIO",2019,TOYOTA PROBOX,"['1', 'power', 'window', '12v', 'adaptor', '2nd', 'row', 'bench', 'seat', '5', 'door', '5', 'seater', 'abs', 'cup', 'holder', 'fabric', 'seats', 'key', 'start', 'lane', 'departure', 'warning', 'system', 'ldws', 'manual', 'seats', 'control', 'power', 'door', 'locks', 'power', 'side', 'mirrors', 'power', 'steering', 'pre', 'crash', 'detection', 'assist', 'radio']",5.0
HONDA,VEZEL,UNKNOWN,26424,WHITE,https://ahm-bucket.s3.eu-north-1.amazonaws.com/vehicles/2bJK0XgoaLh2CTt9Ac3ki0eKq7mLY713UuuuMB7L.jpeg,1500,102361.0,2018,MOMBASA,3972019,"12V ADAPTOR, 4 DOORS, 5 SEATER, ABS, AC CHARGER ADAPTER, ALLOY RIMS, CRUISE CONTROL, CUP HOLDER, DAYTIME RUNNING LED, DRIVER'S ARMREST WITH STORAGE, ECO MODE, ELECTRIC HANDBRAKE, FOG LIGHTS, HALF LEATHER SEATS, HEATED SEATS, HYBRID, KEYLESS ENTRY / EXIT, LANE DEPARTURE WARNING SYSTEM (LDWS), MULTI FUNCTIONAL STEERING, PADDLE SHIFTERS, PARKING SENSORS & CAMERAS, POWER DOOR LOCKS, POWER SIDE MIRRORS, POWER STEERING, POWER WINDOW, PRE CRASH DETECTION ASSIST, PUSH  TO START, REVERSE CAMERA, SIDE MIRROR INDICATORS, TRACTION CONTROL, USB PORT",2018,HONDA VEZEL,"['12v', 'adaptor', '4', 'doors', '5', 'seater', 'abs', 'ac', 'charger', 'adapter', 'alloy', 'rims', 'cruise', 'control', 'cup', 'holder', 'daytime', 'running', 'led', 'driver', 's', 'armrest', 'with', 'storage', 'eco', 'mode', 'electric', 'handbrake', 'fog', 'lights', 'half', 'leather', 'seats', 'heated', 'seats', 'hybrid', 'keyless', 'entry', 'exit', 'lane', 'departure', 'warning', 'system', 'ldws', 'multi', 'functional', 'steering', 'paddle', 'shifters', 'parking', 'sensors', 'cameras', 'power', 'door', 'locks', 'power', 'side', 'mirrors', 'power', 'steering', 'power', 'window', 'pre', 'crash', 'detection', 'assist', 'push', 'to', 'start', 'reverse', 'camera', 'side', 'mirror', 'indicators', 'traction', 'control', 'usb', 'port']",10.0
TOYOTA,PREMIO,UNKNOWN,35909,WHITE,https://ahm-bucket.s3.eu-north-1.amazonaws.com/vehicles/2bJK0XgoaLh2CTt9Ac3ki0eKq7mLY713UuuuMB7L.jpeg,1800,119236.0,2019,NAIROBI,3518510,"12V ADAPTOR, 4 DOORS, 5 SEATER, ABS, CUP HOLDER, FABRIC SEATS, FOG LIGHTS, KEY START, MULTI FUNCTIONAL STEERING, POWER DOOR LOCKS, POWER SIDE MIRRORS, POWER STEERING, POWER WINDOW, REVERSE CAMERA, REVERSE WARNING BUZZER, SIDE MIRROR INDICATORS, TRACTION CONTROL, XENON HEADLIGHTS",2019,TOYOTA PREMIO,"['12v', 'adaptor', '4', 'doors', '5', 'seater', 'abs', 'cup', 'holder', 'fabric', 'seats', 'fog', 'lights', 'key', 'start', 'multi', 'functional', 'steering', 'power', 'door', 'locks', 'power', 'side', 'mirrors', 'power', 'steering', 'power', 'window', 'reverse', 'camera', 'reverse', 'warning', 'buzzer', 'side', 'mirror', 'indicators', 'traction', 'control', 'xenon', 'headlights']",5.0
TOYOTA,PROBOX,UNKNOWN,69655,RED,https://ahm-bucket.s3.eu-north-1.amazonaws.com/vehicles/2bJK0XgoaLh2CTt9Ac3ki0eKq7mLY713UuuuMB7L.jpeg,1500,168446.0,2019,MOMBASA,1750746,"12V ADAPTOR, 4 POWER WINDOWS, 5 DOOR, 5 SEATER, ABS, CUP HOLDER, FABRIC SEATS, KEY START, LANE DEPARTURE WARNING SYSTEM (LDWS), MANUAL SEATS CONTROL, POWER DOOR LOCKS, POWER SIDE MIRRORS, POWER STEERING, POWER WINDOW, PRE CRASH DETECTION ASSIST, RADIO, TRACTION CONTROL",2019,TOYOTA PROBOX,"['12v', 'adaptor', '4', 'power', 'windows', '5', 'door', '5', 'seater', 'abs', 'cup', 'holder', 'fabric', 'seats', 'key', 'start', 'lane', 'departure', 'warning', 'system', 'ldws', 'manual', 'seats', 'control', 'power', 'door', 'locks', 'power', 'side', 'mirrors', 'power', 'steering', 'power', 'window', 'pre', 'crash', 'detection', 'assist', 'radio', 'traction', 'control']",11.0
TOYOTA,VITZ,UNKNOWN,24642,BLACK,https://ahm-bucket.s3.eu-north-1.amazonaws.com/vehicles/2bJK0XgoaLh2CTt9Ac3ki0eKq7mLY713UuuuMB7L.jpeg,1000,99096.0,2019,KISUMU,5107119,"12V ADAPTOR, 4 DOORS, 5 SEATER, ABS, CUP HOLDER, FABRIC SEATS, FOG LIGHTS, LANE DEPARTURE WARNING SYSTEM (LDWS), POWER DOOR LOCKS, POWER SIDE MIRRORS, POWER STEERING, POWER WINDOW, PRE CRASH DETECTION ASSIST, SIDE MIRROR INDICATORS, TRACTION CONTROL",2019,TOYOTA VITZ,"['12v', 'adaptor', '4', 'doors', '5', 'seater', 'abs', 'cup', 'holder', 'fabric', 'seats', 'fog', 'lights', 'lane', 'departure', 'warning', 'system', 'ldws', 'power', 'door', 'locks', 'power', 'side', 'mirrors', 'power', 'steering', 'power', 'window', 'pre', 'crash', 'detection', 'assist', 'side', 'mirror', 'indicators', 'traction', 'control']",10.0
HINO,DUTRO,UNKNOWN,5786,BLUE,https://ahm-bucket.s3.eu-north-1.amazonaws.com/vehicles/2bJK0XgoaLh2CTt9Ac3ki0eKq7mLY713UuuuMB7L.jpeg,4000,333599.0,2019,MOMBASA,1972730,"DOUBLE REAR TYRE, ECO MODE, FRIDGE, LANE DEPARTURE WARNING SYSTEM (LDWS), MANUAL SEATS CONTROL, POWER STEERING, POWER WINDOW, PRE CRASH DETECTION ASSIST, TRACTION CONTROL",2019,HINO DUTRO,"['double', 'rear', 'tyre', 'eco', 'mode', 'fridge', 'lane', 'departure', 'warning', 'system', 'ldws', 'manual', 'seats', 'control', 'power', 'steering', 'power', 'window', 'pre', 'crash', 'detection', 'assist', 'traction', 'control']",4.0
MAZDA,CAROL,UNKNOWN,31805,PEARL,https://ahm-bucket.s3.eu-north-1.amazonaws.com/vehicles/2bJK0XgoaLh2CTt9Ac3ki0eKq7mLY713UuuuMB7L.jpeg,660,71950.0,2019,MOMBASA,788113,"FABRIC SEATS, HEATED SEATS, KEY START, MANUAL SEATS CONTROL, POWER DOOR LOCKS, POWER STEERING, POWER WINDOW, TRACTION CONTROL",2019,MAZDA CAROL,"['fabric', 'seats', 'heated', 'seats', 'key', 'start', 'manual', 'seats', 'control', 'power', 'door', 'locks', 'power', 'steering', 'power', 'window', 'traction', 'control']",4.0
TOYOTA,FIELDER,UNKNOWN,77166,ORANGE,https://ahm-bucket.s3.eu-north-1.amazonaws.com/vehicles/2bJK0XgoaLh2CTt9Ac3ki0eKq7mLY713UuuuMB7L.jpeg,1500,75821.0,2018,NAIROBI,4801114,"12V ADAPTOR, 5 DOOR, 5 SEATER, ABS, CUP HOLDER, ECO MODE, FABRIC SEATS, HYBRID, KEY START, LANE DEPARTURE WARNING SYSTEM (LDWS), POWER DOOR LOCKS, POWER SIDE MIRRORS, POWER STEERING, POWER WINDOW, PRE CRASH DETECTION ASSIST, SIDE MIRROR INDICATORS, TRACTION CONTROL",2018,TOYOTA FIELDER,"['12v', 'adaptor', '5', 'door', '5', 'seater', 'abs', 'cup', 'holder', 'eco', 'mode', 'fabric', 'seats', 'hybrid', 'key', 'start', 'lane', 'departure', 'warning', 'system', 'ldws', 'power', 'door', 'locks', 'power', 'side', 'mirrors', 'power', 'steering', 'power', 'window', 'pre', 'crash', 'detection', 'assist', 'side', 'mirror', 'indicators', 'traction', 'control']",2.0
TOYOTA,AXIO,UNKNOWN,27705,WHITE,https://ahm-bucket.s3.eu-north-1.amazonaws.com/vehicles/2bJK0XgoaLh2CTt9Ac3ki0eKq7mLY713UuuuMB7L.jpeg,1500,24107.0,2018,NAIROBI,4659941,"12V ADAPTOR, 4 DOORS, 5 SEATER, 5 SPEED MANUAL TRANSMISSION, ABS, CUP HOLDER, FABRIC SEATS, KEY START, LANE DEPARTURE WARNING SYSTEM (LDWS), MANUAL SEATS CONTROL, POWER DOOR LOCKS, POWER SIDE MIRRORS, POWER STEERING, POWER WINDOW, PRE CRASH DETECTION ASSIST, RADIO, TRACTION CONTROL, USB PORT",2018,TOYOTA AXIO,"['12v', 'adaptor', '4', 'doors', '5', 'seater', '5', 'speed', 'manual', 'transmission', 'abs', 'cup', 'holder', 'fabric', 'seats', 'key', 'start', 'lane', 'departure', 'warning', 'system', 'ldws', 'manual', 'seats', 'control', 'power', 'door', 'locks', 'power', 'side', 'mirrors', 'power', 'steering', 'power', 'window', 'pre', 'crash', 'detection', 'assist', 'radio', 'traction', 'control', 'usb', 'port']",11.0
MERCEDEZ BENZ,S500,UNKNOWN,30377,WHITE,https://ahm-bucket.s3.eu-north-1.amazonaws.com/vehicles/2bJK0XgoaLh2CTt9Ac3ki0eKq7mLY713UuuuMB7L.jpeg,3000,48916.0,2021,NAIROBI,5034854,"12V ADAPTOR, 360 DEGREES CAMERA, 4 DOORS, 4 SEATER, ABS, ALLOY RIMS, AMBIENT LIGHTING, AMG RIMS, BURMESTER HIGH-END 3D SORROUND SYSTEM, CRUISE CONTROL, CUP HOLDER, DAYTIME RUNNING LED, DIGITAL DISPLAY, DOUBLE SUNROOF, DRIVER'S ARMREST WITH STORAGE, DRIVING MODE SELECTOR, ELECTRIC HANDBRAKE, FRONT AND REAR HEATED SEATS, HEATED /COOLED SEATS, HEATED STEERING WHEEL, KEYLESS ENTRY / EXIT, LANE DEPARTURE WARNING SYSTEM (LDWS), LEATHER SEATS, LED HEADLIGHTS, LUMBAR SUPPORT, MEMORY SEATS, MULTI FUNCTIONAL STEERING, MULTICOLOR AMBIENT LIGHTING, MULTIMEDIA CENTRE CONSOLE, PADDLE SHIFTERS, PARKING SENSORS & CAMERAS, POWER BOOT, POWER BOOT, POWER DOOR LOCKS, POWER SEATS, POWER SIDE MIRRORS, POWER STEERING, POWER SUNROOF, POWER WINDOW, PRE CRASH DETECTION ASSIST, PUSH  TO START, REAR SEAT ARMREST WITH STORAGE, SIDE MIRROR INDICATORS, SOFT DOOR CLOSE, SUSPENSION CONTROL, TRACTION CONTROL, TYRE PRESSURE MONITOR, USB PORT, WIRELESS CHARGER",2021,MERCEDEZ BENZ S500,"['12v', 'adaptor', '360', 'degrees', 'camera', '4', 'doors', '4', 'seater', 'abs', 'alloy', 'rims', 'ambient', 'lighting', 'amg', 'rims', 'burmester', 'high', 'end', '3d', 'sorround', 'system', 'cruise', 'control', 'cup', 'holder', 'daytime', 'running', 'led', 'digital', 'display', 'double', 'sunroof', 'driver', 's', 'armrest', 'with', 'storage', 'driving', 'mode', 'selector', 'electric', 'handbrake', 'front', 'and', 'rear', 'heated', 'seats', 'heated', 'cooled', 'seats', 'heated', 'steering', 'wheel', 'keyless', 'entry', 'exit', 'lane', 'departure', 'warning', 'system', 'ldws', 'leather', 'seats', 'led', 'headlights', 'lumbar', 'support', 'memory', 'seats', 'multi', 'functional', 'steering', 'multicolor', 'ambient', 'lighting', 'multimedia', 'centre', 'console', 'paddle', 'shifters', 'parking', 'sensors', 'cameras', 'power', 'boot', 'power', 'boot', 'power', 'door', 'locks', 'power', 'seats', 'power', 'side', 'mirrors', 'power', 'steering', 'power', 'sunroof', 'power', 'window', 'pre', 'crash', 'detection', 'assist', 'push', 'to', 'start', 'rear', 'seat', 'armrest', 'with', 'storage', 'side', 'mirror', 'indicators', 'soft', 'door', 'close', 'suspension', 'control', 'traction', 'control', 'tyre', 'pressure', 'monitor', 'usb', 'port', 'wireless', 'charger']",5.0
LEXUS,LX600,UNKNOWN,8351,RED,https://ahm-bucket.s3.eu-north-1.amazonaws.com/vehicles/2bJK0XgoaLh2CTt9Ac3ki0eKq7mLY713UuuuMB7L.jpeg,3500,26094.0,2022,MOMBASA,4449978,"22 INCH ALLOY RIMS, 360 DEGREES CAMERA, 4WD, 7 SEATER, ABS, ALLOY RIMS, Blind spot monitoring (BSM), CRUISE CONTROL, CUP HOLDER, DAYTIME RUNNING LED, DOWNHILL ASSIST CONTROL, DRIVING MODE SELECTOR, ELECTRIC HANDBRAKE, FOG LIGHTS, HEADLIGHT WASHERS, HEATED /COOLED SEATS, HEATED STEERING WHEEL, HEIGHT CONTROL, KEYLESS ENTRY / EXIT, LANE DEPARTURE WARNING SYSTEM (LDWS), LEATHER SEATS, LED HEADLIGHTS, LEXUS FLOOR CARPET, MEMORY SEATS, MULTI CLIMATE CONTROL, MULTI FUNCTIONAL STEERING, MULTILINGUAL CENTER CONSOLE, MULTIMEDIA CENTRE CONSOLE, PARKING SENSORS & CAMERAS, POWER BOOT, POWER DOOR LOCKS, POWER SEATS, POWER SIDE MIRRORS, POWER STEERING, POWER SUNROOF, POWER WINDOW, PRE CRASH DETECTION ASSIST, PUSH  TO START, SIDE MIRROR INDICATORS, SOFT DOOR CLOSE, SUSPENSION CONTROL, TRACTION CONTROL, USB PORTS, WIRELESS CHARGER",2022,LEXUS LX600,"['22', 'inch', 'alloy', 'rims', '360', 'degrees', 'camera', '4wd', '7', 'seater', 'abs', 'alloy', 'rims', 'blind', 'spot', 'monitoring', 'bsm', 'cruise', 'control', 'cup', 'holder', 'daytime', 'running', 'led', 'downhill', 'assist', 'control', 'driving', 'mode', 'selector', 'electric', 'handbrake', 'fog', 'lights', 'headlight', 'washers', 'heated', 'cooled', 'seats', 'heated', 'steering', 'wheel', 'height', 'control', 'keyless', 'entry', 'exit', 'lane', 'departure', 'warning', 'system', 'ldws', 'leather', 'seats', 'led', 'headlights', 'lexus', 'floor', 'carpet', 'memory', 'seats', 'multi', 'climate', 'control', 'multi', 'functional', 'steering', 'multilingual', 'center', 'console', 'multimedia', 'centre', 'console', 'parking', 'sensors', 'cameras', 'power', 'boot', 'power', 'door', 'locks', 'power', 'seats', 'power', 'side', 'mirrors', 'power', 'steering', 'power', 'sunroof', 'power', 'window', 'pre', 'crash', 'detection', 'assist', 'push', 'to', 'start', 'side', 'mirror', 'indicators', 'soft', 'door', 'close', 'suspension', 'control', 'traction', 'control', 'usb', 'ports', 'wireless', 'charger']",6.0
LANDROVER,EVOQUE,UNKNOWN,90434,BLACK,https://ahm-bucket.s3.eu-north-1.amazonaws.com/vehicles/2bJK0XgoaLh2CTt9Ac3ki0eKq7mLY713UuuuMB7L.jpeg,2000,140190.0,2018,NAIROBI,2709655,"360 DEGREES CAMERA, 5 SEATER, ABS, ALLOY RIMS, Blind spot monitoring (BSM), CRUISE CONTROL, CUP HOLDER, DAYTIME RUNNING LED, DIGITAL DISPLAY, DRIVING MODE SELECTOR, KEYLESS ENTRY / EXIT, LANE DEPARTURE WARNING SYSTEM (LDWS), LEATHER SEATS, MEMORY SEATS, MOON ROOF, MULTIMEDIA CENTRE CONSOLE, PADDLE SHIFTERS, PARKING SENSORS, PARKING SENSORS & CAMERAS, POWER BOOT, POWER BOOT, POWER DOOR LOCKS, POWER PANORAMIC SUNROOF, POWER SEATS, POWER SIDE MIRRORS, POWER STEERING, POWER SUNROOF, POWER WINDOW, PUSH  TO START, REAR SEAT ARMREST, REVERSE CAMERA, SIDE MIRROR INDICATORS, TRACTION CONTROL, USB PORT",2018,LANDROVER EVOQUE,"['360', 'degrees', 'camera', '5', 'seater', 'abs', 'alloy', 'rims', 'blind', 'spot', 'monitoring', 'bsm', 'cruise', 'control', 'cup', 'holder', 'daytime', 'running', 'led', 'digital', 'display', 'driving', 'mode', 'selector', 'keyless', 'entry', 'exit', 'lane', 'departure', 'warning', 'system', 'ldws', 'leather', 'seats', 'memory', 'seats', 'moon', 'roof', 'multimedia', 'centre', 'console', 'paddle', 'shifters', 'parking', 'sensors', 'parking', 'sensors', 'cameras', 'power', 'boot', 'power', 'boot', 'power', 'door', 'locks', 'power', 'panoramic', 'sunroof', 'power', 'seats', 'power', 'side', 'mirrors', 'power', 'steering', 'power', 'sunroof', 'power', 'window', 'push', 'to', 'start', 'rear', 'seat', 'armrest', 'reverse', 'camera', 'side', 'mirror', 'indicators', 'traction', 'control', 'usb', 'port']",5.0
BMW,X3,UNKNOWN,25702,BLUE,https://ahm-bucket.s3.eu-north-1.amazonaws.com/vehicles/2bJK0XgoaLh2CTt9Ac3ki0eKq7mLY713UuuuMB7L.jpeg,2000,120006.0,2018,NAIROBI,4861316,"12V ADAPTOR, 360 DEGREES CAMERA, 4 DOORS, 5 SEATER, ABS, ALLOY RIMS, CRUISE CONTROL, CUP HOLDER, DAYTIME RUNNING LED, DIGITAL DISPLAY, DRIVING MODE SELECTOR, ELECTRIC HANDBRAKE, FOG LIGHTS, KEY START, KEYLESS ENTRY / EXIT, LANE DEPARTURE WARNING SYSTEM (LDWS), LEATHER SEATS, LED HEADLIGHTS, MULTIMEDIA CENTRE CONSOLE, PADDLE SHIFTERS, PARKING SENSORS & CAMERAS, POWER BOOT, POWER DOOR LOCKS, POWER PANORAMIC SUNROOF, POWER SEATS, POWER SIDE MIRRORS, POWER STEERING, POWER WINDOW, PRE CRASH DETECTION ASSIST, PUSH  TO START, REVERSE CAMERA, SIDE MIRROR INDICATORS, TRACTION CONTROL",2018,BMW X3,"['12v', 'adaptor', '360', 'degrees', 'camera', '4', 'doors', '5', 'seater', 'abs', 'alloy', 'rims', 'cruise', 'control', 'cup', 'holder', 'daytime', 'running', 'led', 'digital', 'display', 'driving', 'mode', 'selector', 'electric', 'handbrake', 'fog', 'lights', 'key', 'start', 'keyless', 'entry', 'exit', 'lane', 'departure', 'warning', 'system', 'ldws', 'leather', 'seats', 'led', 'headlights', 'multimedia', 'centre', 'console', 'paddle', 'shifters', 'parking', 'sensors', 'cameras', 'power', 'boot', 'power', 'door', 'locks', 'power', 'panoramic', 'sunroof', 'power', 'seats', 'power', 'side', 'mirrors', 'power', 'steering', 'power', 'window', 'pre', 'crash', 'detection', 'assist', 'push', 'to', 'start', 'reverse', 'camera', 'side', 'mirror', 'indicators', 'traction', 'control']",7.0
TOYOTA,TANK,UNKNOWN,9535,PEARL,https://ahm-bucket.s3.eu-north-1.amazonaws.com/vehicles/2bJK0XgoaLh2CTt9Ac3ki0eKq7mLY713UuuuMB7L.jpeg,1000,38205.0,2018,KISUMU,4198496,"12V ADAPTOR, 4 DOORS, 5 SEATER, CUP HOLDER, FABRIC SEATS, KEYLESS ENTRY / EXIT, MANUAL SEATS CONTROL, POWER DOOR LOCKS, POWER SIDE MIRRORS, POWER SLIDING PASSENGER DOOR, POWER STEERING, POWER WINDOW, SIDE MIRROR INDICATORS",2018,TOYOTA TANK,"['12v', 'adaptor', '4', 'doors', '5', 'seater', 'cup', 'holder', 'fabric', 'seats', 'keyless', 'entry', 'exit', 'manual', 'seats', 'control', 'power', 'door', 'locks', 'power', 'side', 'mirrors', 'power', 'sliding', 'passenger', 'door', 'power', 'steering', 'power', 'window', 'side', 'mirror', 'indicators']",6.0
NISSAN,CUBE,UNKNOWN,3027,ORANGE,https://ahm-bucket.s3.eu-north-1.amazonaws.com/vehicles/2bJK0XgoaLh2CTt9Ac3ki0eKq7mLY713UuuuMB7L.jpeg,1500,63526.0,2018,NAIROBI,4075776,"12V ADAPTOR, 5 DOOR, 5 SEATER, ABS, CUP HOLDER, ECO MODE, FABRIC SEATS, FOG LIGHTS, KEYLESS ENTRY / EXIT, POWER DOOR LOCKS, POWER SIDE MIRRORS, POWER STEERING, POWER WINDOW, PUSH  TO START, RADIO, TRACTION CONTROL",2018,NISSAN CUBE,"['12v', 'adaptor', '5', 'door', '5', 'seater', 'abs', 'cup', 'holder', 'eco', 'mode', 'fabric', 'seats', 'fog', 'lights', 'keyless', 'entry', 'exit', 'power', 'door', 'locks', 'power', 'side', 'mirrors', 'power', 'steering', 'power', 'window', 'push', 'to', 'start', 'radio', 'traction', 'control']",9.0
TOYOTA,VOXY,UNKNOWN,58874,WHITE,https://ahm-bucket.s3.eu-north-1.amazonaws.com/vehicles/2bJK0XgoaLh2CTt9Ac3ki0eKq7mLY713UuuuMB7L.jpeg,1800,128504.0,2018,NAIROBI,2786108,"12V ADAPTOR, 5 DOOR, 7 SEATER, ABS, CRUISE CONTROL, CUP HOLDER, DAYTIME RUNNING LED, ECO MODE, FABRIC SEATS, FOG LIGHTS, HEATED SEATS, HYBRID, KEYLESS ENTRY / EXIT, LANE DEPARTURE WARNING SYSTEM (LDWS), MULTI FUNCTIONAL STEERING, POWER DOOR LOCKS, POWER SIDE MIRRORS, POWER SLIDING PASSENGER DOOR, POWER STEERING, POWER WINDOW, PRE CRASH DETECTION ASSIST, SIDE MIRROR INDICATORS, TRACTION CONTROL, USB PORT, WINDOW CURTAINS",2018,TOYOTA VOXY,"['12v', 'adaptor', '5', 'door', '7', 'seater', 'abs', 'cruise', 'control', 'cup', 'holder', 'daytime', 'running', 'led', 'eco', 'mode', 'fabric', 'seats', 'fog', 'lights', 'heated', 'seats', 'hybrid', 'keyless', 'entry', 'exit', 'lane', 'departure', 'warning', 'system', 'ldws', 'multi', 'functional', 'steering', 'power', 'door', 'locks', 'power', 'side', 'mirrors', 'power', 'sliding', 'passenger', 'door', 'power', 'steering', 'power', 'window', 'pre', 'crash', 'detection', 'assist', 'side', 'mirror', 'indicators', 'traction', 'control', 'usb', 'port', 'window', 'curtains']",10.0
TOYOTA,ALLION,UNKNOWN,13666,WHITE,https://ahm-bucket.s3.eu-north-1.amazonaws.com/vehicles/2bJK0XgoaLh2CTt9Ac3ki0eKq7mLY713UuuuMB7L.jpeg,1800,113325.0,2019,MOMBASA,899580,"1 ZONE CLIMATE CONTROL, 12V ADAPTOR, 4 DOORS, 5 SEATER, ABS, ALLOY RIMS, CLIMATE CONTROL SETTINGS, CUP HOLDER, DAYTIME RUNNING LED, DIGITAL INFOTAINMENT SYSTEM, DRIVER'S ARMREST WITH STORAGE, ECO MODE, FABRIC SEATS, FOG LIGHTS, LANE DEPARTURE WARNING SYSTEM (LDWS), MANUAL SEATS CONTROL, MULTI FUNCTIONAL STEERING, POWER DOOR LOCKS, POWER SIDE MIRRORS, POWER STEERING, POWER WINDOW, PRE CRASH DETECTION ASSIST, RADIO, REAR SEAT ARMREST, SIDE MIRROR INDICATORS, TRACTION CONTROL, XENON HEADLIGHTS",2019,TOYOTA ALLION,"['1', 'zone', 'climate', 'control', '12v', 'adaptor', '4', 'doors', '5', 'seater', 'abs', 'alloy', 'rims', 'climate', 'control', 'settings', 'cup', 'holder', 'daytime', 'running', 'led', 'digital', 'infotainment', 'system', 'driver', 's', 'armrest', 'with', 'storage', 'eco', 'mode', 'fabric', 'seats', 'fog', 'lights', 'lane', 'departure', 'warning', 'system', 'ldws', 'manual', 'seats', 'control', 'multi', 'functional', 'steering', 'power', 'door', 'locks', 'power', 'side', 'mirrors', 'power', 'steering', 'power', 'window', 'pre', 'crash', 'detection', 'assist', 'radio', 'rear', 'seat', 'armrest', 'side', 'mirror', 'indicators', 'traction', 'control', 'xenon', 'headlights']",12.0
TOYOTA,HIACE,UNKNOWN,93065,RED,https://ahm-bucket.s3.eu-north-1.amazonaws.com/vehicles/2bJK0XgoaLh2CTt9Ac3ki0eKq7mLY713UuuuMB7L.jpeg,2700,77535.0,2019,MOMBASA,1534887,"ABS, ACTIVE BRAKING SYSTEM, CLIMATE CONTROL SETTINGS, FABRIC SEATS, KEY START, LANE DEPARTURE WARNING SYSTEM (LDWS), MANUAL SEATS CONTROL, PASSENGER SLIDING DOOR, POWER DOOR LOCKS, POWER STEERING, POWER WINDOW, PRE CRASH DETECTION ASSIST, RADIO, TRACTION CONTROL, VAN",2019,TOYOTA HIACE,"['abs', 'active', 'braking', 'system', 'climate', 'control', 'settings', 'fabric', 'seats', 'key', 'start', 'lane', 'departure', 'warning', 'system', 'ldws', 'manual', 'seats', 'control', 'passenger', 'sliding', 'door', 'power', 'door', 'locks', 'power', 'steering', 'power', 'window', 'pre', 'crash', 'detection', 'assist', 'radio', 'traction', 'control', 'van']",11.0
TOYOTA,C-HR,UNKNOWN,43795,BLACK,https://ahm-bucket.s3.eu-north-1.amazonaws.com/vehicles/2bJK0XgoaLh2CTt9Ac3ki0eKq7mLY713UuuuMB7L.jpeg,1800,94240.0,2018,NAIROBI,1229336,"12V ADAPTOR, 5 SEATER, ABS, ALLOY RIMS, CRUISE CONTROL, CUP HOLDER, DAYTIME RUNNING LED, ELECTRIC HANDBRAKE, FOG LIGHTS, HEATED SEATS, HYBRID, KEYLESS ENTRY / EXIT, LANE DEPARTURE WARNING SYSTEM (LDWS), LEATHER SEATS, LED HEADLIGHTS, MANUAL SEATS CONTROL, PARKING SENSORS & CAMERAS, POWER DOOR LOCKS, POWER SIDE MIRRORS, POWER STEERING, POWER WINDOW, PRE CRASH DETECTION ASSIST, PUSH  TO START, REAR SPOILER, REVERSE CAMERA, SIDE MIRROR INDICATORS, TRACTION CONTROL, USB PORT",2018,TOYOTA C-HR,"['12v', 'adaptor', '5', 'seater', 'abs', 'alloy', 'rims', 'cruise', 'control', 'cup', 'holder', 'daytime', 'running', 'led', 'electric', 'handbrake', 'fog', 'lights', 'heated', 'seats', 'hybrid', 'keyless', 'entry', 'exit', 'lane', 'departure', 'warning', 'system', 'ldws', 'leather', 'seats', 'led', 'headlights', 'manual', 'seats', 'control', 'parking', 'sensors', 'cameras', 'power', 'door', 'locks', 'power', 'side', 'mirrors', 'power', 'steering', 'power', 'window', 'pre', 'crash', 'detection', 'assist', 'push', 'to', 'start', 'rear', 'spoiler', 'reverse', 'camera', 'side', 'mirror', 'indicators', 'traction', 'control', 'usb', 'port']",8.0
TOYOTA,PREMIO,UNKNOWN,17422,BLUE,https://ahm-bucket.s3.eu-north-1.amazonaws.com/vehicles/2bJK0XgoaLh2CTt9Ac3ki0eKq7mLY713UuuuMB7L.jpeg,1500,99215.0,2019,KISUMU,3643199,"12V ADAPTOR, 4 DOORS, 5 SEATER, ABS, CUP HOLDER, ECO MODE, FABRIC SEATS, KEYLESS ENTRY / EXIT, LANE DEPARTURE WARNING SYSTEM (LDWS), MULTI FUNCTIONAL STEERING, POWER DOOR LOCKS, POWER SIDE MIRRORS, POWER STEERING, POWER WINDOW, PRE CRASH DETECTION ASSIST, PUSH  TO START, RADIO, REVERSE CAMERA, REVERSE WARNING BUZZER, SIDE MIRROR INDICATORS, XENON HEADLIGHTS",2019,TOYOTA PREMIO,"['12v', 'adaptor', '4', 'doors', '5', 'seater', 'abs', 'cup', 'holder', 'eco', 'mode', 'fabric', 'seats', 'keyless', 'entry', 'exit', 'lane', 'departure', 'warning', 'system', 'ldws', 'multi', 'functional', 'steering', 'power', 'door', 'locks', 'power', 'side', 'mirrors', 'power', 'steering', 'power', 'window', 'pre', 'crash', 'detection', 'assist', 'push', 'to', 'start', 'radio', 'reverse', 'camera', 'reverse', 'warning', 'buzzer', 'side', 'mirror', 'indicators', 'xenon', 'headlights']",4.0
TOYOTA,ALLION,UNKNOWN,9689,PEARL,https://ahm-bucket.s3.eu-north-1.amazonaws.com/vehicles/2bJK0XgoaLh2CTt9Ac3ki0eKq7mLY713UuuuMB7L.jpeg,1500,60630.0,2018,MOMBASA,4401268,"1 ZONE CLIMATE CONTROL, 12V ADAPTOR, 4 DOORS, 5 SEATER, ABS, CLIMATE CONTROL SETTINGS, CUP HOLDER, DIGITAL INFOTAINMENT SYSTEM, DRIVER'S ARMREST WITH STORAGE, ECO MODE, FABRIC SEATS, KEY START, MANUAL SEATS CONTROL, MULTI FUNCTIONAL STEERING, POWER DOOR LOCKS, POWER SIDE MIRRORS, POWER STEERING, POWER WINDOW, RADIO, REAR SEAT ARMREST, SIDE MIRROR INDICATORS, TRACTION CONTROL, XENON HEADLIGHTS",2018,TOYOTA ALLION,"['1', 'zone', 'climate', 'control', '12v', 'adaptor', '4', 'doors', '5', 'seater', 'abs', 'climate', 'control', 'settings', 'cup', 'holder', 'digital', 'infotainment', 'system', 'driver', 's', 'armrest', 'with', 'storage', 'eco', 'mode', 'fabric', 'seats', 'key', 'start', 'manual', 'seats', 'control', 'multi', 'functional', 'steering', 'power', 'door', 'locks', 'power', 'side', 'mirrors', 'power', 'steering', 'power', 'window', 'radio', 'rear', 'seat', 'armrest', 'side', 'mirror', 'indicators', 'traction', 'control', 'xenon', 'headlights']",7.0
NISSAN,ADVAN,UNKNOWN,65842,ORANGE,https://ahm-bucket.s3.eu-north-1.amazonaws.com/vehicles/2bJK0XgoaLh2CTt9Ac3ki0eKq7mLY713UuuuMB7L.jpeg,1500,249146.0,2019,KISUMU,4363530,"12V ADAPTOR, 2ND ROW BENCH SEAT, 5 DOOR, 5 SEATER, CUP HOLDER, FABRIC SEATS, HALOGEN HEADLIGHTS, KEY START, LANE DEPARTURE WARNING SYSTEM (LDWS), POWER DOOR LOCKS, POWER SIDE MIRRORS, POWER STEERING, POWER WINDOW, PRE CRASH DETECTION ASSIST, RADIO, TRACTION CONTROL",2019,NISSAN ADVAN,"['12v', 'adaptor', '2nd', 'row', 'bench', 'seat', '5', 'door', '5', 'seater', 'cup', 'holder', 'fabric', 'seats', 'halogen', 'headlights', 'key', 'start', 'lane', 'departure', 'warning', 'system', 'ldws', 'power', 'door', 'locks', 'power', 'side', 'mirrors', 'power', 'steering', 'power', 'window', 'pre', 'crash', 'detection', 'assist', 'radio', 'traction', 'control']",2.0
TOYOTA,CROWN,UNKNOWN,1501,WHITE,https://ahm-bucket.s3.eu-north-1.amazonaws.com/vehicles/2bJK0XgoaLh2CTt9Ac3ki0eKq7mLY713UuuuMB7L.jpeg,2000,89620.0,2018,KISUMU,4476133,"12V ADAPTOR, 4 DOORS, 5 SEATER, ABS, ALLOY RIMS, CLIMATE CONTROL SETTINGS, CRUISE CONTROL, CUP HOLDER, DAYTIME RUNNING LED, DUAL REAR EXHAUST, ELECTRIC HANDBRAKE, FABRIC SEATS, FOG LIGHTS, KEYLESS ENTRY / EXIT, LANE DEPARTURE WARNING SYSTEM (LDWS), LED HEADLIGHTS, MULTI FUNCTIONAL STEERING, PADDLE SHIFTERS, PARKING SENSORS & CAMERAS, POWER DOOR LOCKS, POWER SEATS, POWER SIDE MIRRORS, POWER STEERING, POWER WINDOW, PRE CRASH DETECTION ASSIST, PUSH  TO START, RADIO, SIDE MIRROR INDICATORS, TRACTION CONTROL, USB PORT, VOICE COMMAND MODE",2018,TOYOTA CROWN,"['12v', 'adaptor', '4', 'doors', '5', 'seater', 'abs', 'alloy', 'rims', 'climate', 'control', 'settings', 'cruise', 'control', 'cup', 'holder', 'daytime', 'running', 'led', 'dual', 'rear', 'exhaust', 'electric', 'handbrake', 'fabric', 'seats', 'fog', 'lights', 'keyless', 'entry', 'exit', 'lane', 'departure', 'warning', 'system', 'ldws', 'led', 'headlights', 'multi', 'functional', 'steering', 'paddle', 'shifters', 'parking', 'sensors', 'cameras', 'power', 'door', 'locks', 'power', 'seats', 'power', 'side', 'mirrors', 'power', 'steering', 'power', 'window', 'pre', 'crash', 'detection', 'assist', 'push', 'to', 'start', 'radio', 'side', 'mirror', 'indicators', 'traction', 'control', 'usb', 'port', 'voice', 'command', 'mode']",12.0
TOYOTA,HARRIER,UNKNOWN,27547,WHITE,https://ahm-bucket.s3.eu-north-1.amazonaws.com/vehicles/2bJK0XgoaLh2CTt9Ac3ki0eKq7mLY713UuuuMB7L.jpeg,2500,140258.0,2021,NAIROBI,3244435,"12V ADAPTOR, 4 DOORS, 5 SEATER, ABS, ALLOY RIMS, CRUISE CONTROL, CUP HOLDER, DAYTIME RUNNING LED, DRIVER'S ARMREST WITH STORAGE, ECO MODE, FOG LIGHTS, HYBRID, KEYLESS ENTRY / EXIT, LANE DEPARTURE WARNING SYSTEM (LDWS), LEATHER SEATS, LED HEADLIGHTS, PARKING SENSORS & CAMERAS, POWER BOOT, POWER DOOR LOCKS, POWER SIDE MIRRORS, POWER STEERING, POWER WINDOW, PRE CRASH DETECTION ASSIST, PUSH  TO START, RADIO, SIDE MIRROR INDICATORS, TRACTION CONTROL, USB PORT",2021,TOYOTA HARRIER,"['12v', 'adaptor', '4', 'doors', '5', 'seater', 'abs', 'alloy', 'rims', 'cruise', 'control', 'cup', 'holder', 'daytime', 'running', 'led', 'driver', 's', 'armrest', 'with', 'storage', 'eco', 'mode', 'fog', 'lights', 'hybrid', 'keyless', 'entry', 'exit', 'lane', 'departure', 'warning', 'system', 'ldws', 'leather', 'seats', 'led', 'headlights', 'parking', 'sensors', 'cameras', 'power', 'boot', 'power', 'door', 'locks', 'power', 'side', 'mirrors', 'power', 'steering', 'power', 'window', 'pre', 'crash', 'detection', 'assist', 'push', 'to', 'start', 'radio', 'side', 'mirror', 'indicators', 'traction', 'control', 'usb', 'port']",6.0
TOYOTA,FIELDER,UNKNOWN,7741,RED,https://ahm-bucket.s3.eu-north-1.amazonaws.com/vehicles/2bJK0XgoaLh2CTt9Ac3ki0eKq7mLY713UuuuMB7L.jpeg,1800,118510.0,2018,MOMBASA,2108857,"12V ADAPTOR, 4 DOORS, 5 SEATER, ALLOY RIMS, CRUISE CONTROL, CUP HOLDER, DAYTIME RUNNING LED, ECO MODE, FOG LIGHTS, KEYLESS ENTRY / EXIT, LANE DEPARTURE WARNING SYSTEM (LDWS), LEATHER SEATS, POWER DOOR LOCKS, POWER SIDE MIRRORS, POWER STEERING, POWER WINDOW, PRE CRASH DETECTION ASSIST, PUSH  TO START, REVERSE CAMERA, TRACTION CONTROL",2018,TOYOTA FIELDER,"['12v', 'adaptor', '4', 'doors', '5', 'seater', 'alloy', 'rims', 'cruise', 'control', 'cup', 'holder', 'daytime', 'running', 'led', 'eco', 'mode', 'fog', 'lights', 'keyless', 'entry', 'exit', 'lane', 'departure', 'warning', 'system', 'ldws', 'leather', 'seats', 'power', 'door', 'locks', 'power', 'side', 'mirrors', 'power', 'steering', 'power', 'window', 'pre', 'crash', 'detection', 'assist', 'push', 'to', 'start', 'reverse', 'camera', 'traction', 'control']",4.0
SUBARU,OUTBACK,UNKNOWN,53520,BLACK,https://ahm-bucket.s3.eu-north-1.amazonaws.com/vehicles/2bJK0XgoaLh2CTt9Ac3ki0eKq7mLY713UuuuMB7L.jpeg,2500,119591.0,2018,KISUMU,1013788,"12V ADAPTOR, 4 DOORS, 5 SEATER, ABS, ALLOY RIMS, CRUISE CONTROL, DAYTIME RUNNING LED, ELECTRIC HANDBRAKE, EYESIGHT SENSORS, FOG LIGHTS, HALF LEATHER SEATS, HEATED SEATS, HEATED STEERING WHEEL, KEYLESS ENTRY / EXIT, LANE DEPARTURE WARNING SYSTEM (LDWS), LED HEADLIGHTS, MEMORY SEATS, PADDLE SHIFTERS, PARKING SENSORS & CAMERAS, POWER BOOT, POWER DOOR LOCKS, POWER SEATS, POWER SIDE MIRRORS, POWER STEERING, POWER WINDOW, PRE CRASH DETECTION ASSIST, ROOF RAILS, SIDE MIRROR INDICATORS, TRACTION CONTROL, USB PORT",2018,SUBARU OUTBACK,"['12v', 'adaptor', '4', 'doors', '5', 'seater', 'abs', 'alloy', 'rims', 'cruise', 'control', 'daytime', 'running', 'led', 'electric', 'handbrake', 'eyesight', 'sensors', 'fog', 'lights', 'half', 'leather', 'seats', 'heated', 'seats', 'heated', 'steering', 'wheel', 'keyless', 'entry', 'exit', 'lane', 'departure', 'warning', 'system', 'ldws', 'led', 'headlights', 'memory', 'seats', 'paddle', 'shifters', 'parking', 'sensors', 'cameras', 'power', 'boot', 'power', 'door', 'locks', 'power', 'seats', 'power', 'side', 'mirrors', 'power', 'steering', 'power', 'window', 'pre', 'crash', 'detection', 'assist', 'roof', 'rails', 'side', 'mirror', 'indicators', 'traction', 'control', 'usb', 'port']",12.0
DAIHATSU,THOR,UNKNOWN,47178,BLUE,https://ahm-bucket.s3.eu-north-1.amazonaws.com/vehicles/2bJK0XgoaLh2CTt9Ac3ki0eKq7mLY713UuuuMB7L.jpeg,1000,135668.0,2019,NAIROBI,2325332,"KEYLESS ENTRY / EXIT, PARKING SENSORS, POWER DOOR LOCKS, POWER SIDE MIRRORS, POWER SLIDING PASSENGER DOOR, POWER STEERING, POWER WINDOW, PRE CRASH DETECTION ASSIST, PUSH  TO START, TRACTION CONTROL",2019,DAIHATSU THOR,"['keyless', 'entry', 'exit', 'parking', 'sensors', 'power', 'door', 'locks', 'power', 'side', 'mirrors', 'power', 'sliding', 'passenger', 'door', 'power', 'steering', 'power', 'window', 'pre', 'crash', 'detection', 'assist', 'push', 'to', 'start', 'traction', 'control']",3.0
TOYOTA,FIELDER,UNKNOWN,2190,PEARL,https://ahm-bucket.s3.eu-north-1.amazonaws.com/vehicles/2bJK0XgoaLh2CTt9Ac3ki0eKq7mLY713UuuuMB7L.jpeg,1500,104369.0,2018,NAIROBI,3612774,"12V ADAPTOR, 5 SEATER, ABS, ALLOY RIMS, CRUISE CONTROL, CUP HOLDER, DAYTIME RUNNING LED, ECO MODE, FOG LIGHTS, HYBRID, KEYLESS ENTRY / EXIT, LANE DEPARTURE WARNING SYSTEM (LDWS), LEATHER SEATS, MULTI FUNCTIONAL STEERING, PARKING SENSORS & CAMERAS, POWER DOOR LOCKS, POWER SIDE MIRRORS, POWER STEERING, POWER WINDOW, PRE CRASH DETECTION ASSIST, PUSH  TO START, RADIO, REVERSE CAMERA, TRACTION CONTROL",2018,TOYOTA FIELDER,"['12v', 'adaptor', '5', 'seater', 'abs', 'alloy', 'rims', 'cruise', 'control', 'cup', 'holder', 'daytime', 'running', 'led', 'eco', 'mode', 'fog', 'lights', 'hybrid', 'keyless', 'entry', 'exit', 'lane', 'departure', 'warning', 'system', 'ldws', 'leather', 'seats', 'multi', 'functional', 'steering', 'parking', 'sensors', 'cameras', 'power', 'door', 'locks', 'power', 'side', 'mirrors', 'power', 'steering', 'power', 'window', 'pre', 'crash', 'detection', 'assist', 'push', 'to', 'start', 'radio', 'reverse', 'camera', 'traction', 'control']",11.0
TOYOTA,ROOMY,UNKNOWN,67970,ORANGE,https://ahm-bucket.s3.eu-north-1.amazonaws.com/vehicles/2bJK0XgoaLh2CTt9Ac3ki0eKq7mLY713UuuuMB7L.jpeg,1000,75219.0,2018,NAIROBI,2190996,"12V ADAPTOR, 5 DOOR, 5 SEATER, ABS, AC CHARGER ADAPTER, CRUISE CONTROL, CUP HOLDER, FABRIC SEATS, KEYLESS ENTRY / EXIT, LANE DEPARTURE WARNING SYSTEM (LDWS), MANUAL SEATS CONTROL, POWER DOOR LOCKS, POWER SIDE MIRRORS, POWER SLIDING PASSENGER DOOR, POWER STEERING, PRE CRASH DETECTION ASSIST, PUSH  TO START, RADIO, REAR POWER SLIDING DOOR (DRIVER SIDE), REVERSE CAMERA, TRACTION CONTROL, USB PORT",2018,TOYOTA ROOMY,"['12v', 'adaptor', '5', 'door', '5', 'seater', 'abs', 'ac', 'charger', 'adapter', 'cruise', 'control', 'cup', 'holder', 'fabric', 'seats', 'keyless', 'entry', 'exit', 'lane', 'departure', 'warning', 'system', 'ldws', 'manual', 'seats', 'control', 'power', 'door', 'locks', 'power', 'side', 'mirrors', 'power', 'sliding', 'passenger', 'door', 'power', 'steering', 'pre', 'crash', 'detection', 'assist', 'push', 'to', 'start', 'radio', 'rear', 'power', 'sliding', 'door', 'driver', 'side', 'reverse', 'camera', 'traction', 'control', 'usb', 'port']",12.0
LANDROVER,DEFENDER,UNKNOWN,9852,WHITE,https://ahm-bucket.s3.eu-north-1.amazonaws.com/vehicles/2bJK0XgoaLh2CTt9Ac3ki0eKq7mLY713UuuuMB7L.jpeg,2000,72793.0,2021,MOMBASA,4631832,"12V ADAPTOR, 360 DEGREES CAMERA, 5 DOOR, 7 SEATER, ALLOY RIMS, CRUISE CONTROL, CUP HOLDER, DAYTIME RUNNING LED, DIGITAL DISPLAY, DIGITAL INFOTAINMENT SYSTEM, DRIVING MODE SELECTOR, ELECTRIC HANDBRAKE, FOG LIGHTS, HEATED SEATS, HEATED STEERING WHEEL, HEIGHT CONTROL, KEYLESS ENTRY / EXIT, LANE DEPARTURE WARNING SYSTEM (LDWS), LEATHER SEATS, LED HEADLIGHTS, MUD GUARD, PARKING SENSORS & CAMERAS, POWER DOOR LOCKS, POWER SEATS, POWER SIDE MIRRORS, POWER STEERING, POWER SUNROOF, POWER WINDOW, PRE CRASH DETECTION ASSIST, PUSH  TO START, SIDE MIRROR INDICATORS, SIDE STEPS, TRACTION CONTROL, TYRE PRESSURE MONITOR",2021,LANDROVER DEFENDER,"['12v', 'adaptor', '360', 'degrees', 'camera', '5', 'door', '7', 'seater', 'alloy', 'rims', 'cruise', 'control', 'cup', 'holder', 'daytime', 'running', 'led', 'digital', 'display', 'digital', 'infotainment', 'system', 'driving', 'mode', 'selector', 'electric', 'handbrake', 'fog', 'lights', 'heated', 'seats', 'heated', 'steering', 'wheel', 'height', 'control', 'keyless', 'entry', 'exit', 'lane', 'departure', 'warning', 'system', 'ldws', 'leather', 'seats', 'led', 'headlights', 'mud', 'guard', 'parking', 'sensors', 'cameras', 'power', 'door', 'locks', 'power', 'seats', 'power', 'side', 'mirrors', 'power', 'steering', 'power', 'sunroof', 'power', 'window', 'pre', 'crash', 'detection', 'assist', 'push', 'to', 'start', 'side', 'mirror', 'indicators', 'side', 'steps', 'traction', 'control', 'tyre', 'pressure', 'monitor']",2.0
MERCEDEZ BENZ,GLE43,UNKNOWN,46971,WHITE,https://ahm-bucket.s3.eu-north-1.amazonaws.com/vehicles/2bJK0XgoaLh2CTt9Ac3ki0eKq7mLY713UuuuMB7L.jpeg,3000,103295.0,2018,NAIROBI,2736146,"12V ADAPTOR, 360 DEGREES CAMERA, 4 DOORS, 5 SEATER, ACTIVE BRAKING SYSTEM, ALLOY RIMS, AMG RIMS, AWD, CLIMATE CONTROL SETTINGS, CRUISE CONTROL, CUP HOLDER, DAYTIME RUNNING LED, DIGITAL DISPLAY, DIGITAL INFOTAINMENT SYSTEM, DRIVER'S ARMREST WITH STORAGE, DRIVING MODE SELECTOR, DUAL ZONE CLIMATE CONTROL, ELECTRIC HANDBRAKE, FRONT & REAR CLIMATE CONTROL, KEYLESS ENTRY / EXIT, LANE DEPARTURE WARNING SYSTEM (LDWS), LEATHER SEATS, LED HEADLIGHTS, MEMORY SEATS, MULTI FUNCTIONAL STEERING, MULTILINGUAL CENTER CONSOLE, MULTIMEDIA CENTRE CONSOLE, PADDLE SHIFTERS, PARKING SENSORS, PARKING SENSORS & CAMERAS, POWER BOOT, POWER DOOR LOCKS, POWER PANORAMIC SUNROOF, POWER SEATS, POWER SIDE MIRRORS, POWER STEERING, POWER SUNROOF, POWER WINDOW, PRE CRASH DETECTION ASSIST, PUSH  TO START, RADIO, REAR SEAT ARMREST WITH STORAGE, SIDE MIRROR INDICATORS, SIDE STEPS, SUSPENSION CONTROL, TRACTION CONTROL, USB PORT",2018,MERCEDEZ BENZ GLE43,"['12v', 'adaptor', '360', 'degrees', 'camera', '4', 'doors', '5', 'seater', 'active', 'braking', 'system', 'alloy', 'rims', 'amg', 'rims', 'awd', 'climate', 'control', 'settings', 'cruise', 'control', 'cup', 'holder', 'daytime', 'running', 'led', 'digital', 'display', 'digital', 'infotainment', 'system', 'driver', 's', 'armrest', 'with', 'storage', 'driving', 'mode', 'selector', 'dual', 'zone', 'climate', 'control', 'electric', 'handbrake', 'front', 'rear', 'climate', 'control', 'keyless', 'entry', 'exit', 'lane', 'departure', 'warning', 'system', 'ldws', 'leather', 'seats', 'led', 'headlights', 'memory', 'seats', 'multi', 'functional', 'steering', 'multilingual', 'center', 'console', 'multimedia', 'centre', 'console', 'paddle', 'shifters', 'parking', 'sensors', 'parking', 'sensors', 'cameras', 'power', 'boot', 'power', 'door', 'locks', 'power', 'panoramic', 'sunroof', 'power', 'seats', 'power', 'side', 'mirrors', 'power', 'steering', 'power', 'sunroof', 'power', 'window', 'pre', 'crash', 'detection', 'assist', 'push', 'to', 'start', 'radio', 'rear', 'seat', 'armrest', 'with', 'storage', 'side', 'mirror', 'indicators', 'side', 'steps', 'suspension', 'control', 'traction', 'control', 'usb', 'port']",8.0
TOYOTA,PRADO,UNKNOWN,95624,RED,https://ahm-bucket.s3.eu-north-1.amazonaws.com/vehicles/2bJK0XgoaLh2CTt9Ac3ki0eKq7mLY713UuuuMB7L.jpeg,2700,59758.0,2019,NAIROBI,3207088,"12V ADAPTOR, 4WD, 5 DOOR, 7 SEATER, ABS, ABS CONTROL, ALLOY RIMS, CRUISE CONTROL, CUP HOLDER, DAYTIME RUNNING LED, DRIVER'S ARMREST WITH STORAGE, FOG LIGHTS, HEATED /COOLED SEATS, KEYLESS ENTRY / EXIT, LANE DEPARTURE WARNING SYSTEM (LDWS), LEATHER SEATS, LED HEADLIGHTS, MULTI FUNCTIONAL STEERING, PARKING SENSORS & CAMERAS, POWER DOOR LOCKS, POWER SEATS, POWER SIDE MIRRORS, POWER STEERING, POWER SUNROOF, POWER WINDOW, PRE CRASH DETECTION ASSIST, PUSH  TO START, REVERSE CAMERA, REVERSE WARNING BUZZER, SIDE MIRROR INDICATORS, TRACTION CONTROL, USB PORT",2019,TOYOTA PRADO,"['12v', 'adaptor', '4wd', '5', 'door', '7', 'seater', 'abs', 'abs', 'control', 'alloy', 'rims', 'cruise', 'control', 'cup', 'holder', 'daytime', 'running', 'led', 'driver', 's', 'armrest', 'with', 'storage', 'fog', 'lights', 'heated', 'cooled', 'seats', 'keyless', 'entry', 'exit', 'lane', 'departure', 'warning', 'system', 'ldws', 'leather', 'seats', 'led', 'headlights', 'multi', 'functional', 'steering', 'parking', 'sensors', 'cameras', 'power', 'door', 'locks', 'power', 'seats', 'power', 'side', 'mirrors', 'power', 'steering', 'power', 'sunroof', 'power', 'window', 'pre', 'crash', 'detection', 'assist', 'push', 'to', 'start', 'reverse', 'camera', 'reverse', 'warning', 'buzzer', 'side', 'mirror', 'indicators', 'traction', 'control', 'usb', 'port']",1.0
TOYOTA,MARKX,UNKNOWN,5871,BLACK,https://ahm-bucket.s3.eu-north-1.amazonaws.com/vehicles/2bJK0XgoaLh2CTt9Ac3ki0eKq7mLY713UuuuMB7L.jpeg,2500,73244.0,2018,KISUMU,2422568,"12V ADAPTOR, 4 DOORS, 5 SEATER, ACTIVE BRAKING SYSTEM, ALLOY RIMS, CUP HOLDER, DAYTIME RUNNING LED, DRIVER'S ARMREST WITH STORAGE, DRIVING MODE SELECTOR, ECO MODE, ELECTRIC HANDBRAKE, EYESIGHT SENSORS, FABRIC SEATS, FOG LIGHTS, KEYLESS ENTRY / EXIT, LANE DEPARTURE WARNING SYSTEM (LDWS), LED HEADLIGHTS, MANUAL SEATS CONTROL, MULTI CLIMATE CONTROL, MULTI FUNCTIONAL STEERING, PARKING SENSORS & CAMERAS, POWER DOOR LOCKS, POWER SIDE MIRRORS, POWER STEERING, POWER WINDOW, PRE CRASH DETECTION ASSIST, PUSH  TO START, RADIO, REVERSE CAMERA, SIDE MIRROR INDICATORS, TRACTION CONTROL, USB PORTS",2018,TOYOTA MARKX,"['12v', 'adaptor', '4', 'doors', '5', 'seater', 'active', 'braking', 'system', 'alloy', 'rims', 'cup', 'holder', 'daytime', 'running', 'led', 'driver', 's', 'armrest', 'with', 'storage', 'driving', 'mode', 'selector', 'eco', 'mode', 'electric', 'handbrake', 'eyesight', 'sensors', 'fabric', 'seats', 'fog', 'lights', 'keyless', 'entry', 'exit', 'lane', 'departure', 'warning', 'system', 'ldws', 'led', 'headlights', 'manual', 'seats', 'control', 'multi', 'climate', 'control', 'multi', 'functional', 'steering', 'parking', 'sensors', 'cameras', 'power', 'door', 'locks', 'power', 'side', 'mirrors', 'power', 'steering', 'power', 'window', 'pre', 'crash', 'detection', 'assist', 'push', 'to', 'start', 'radio', 'reverse', 'camera', 'side', 'mirror', 'indicators', 'traction', 'control', 'usb', 'ports']",3.0
NISSAN,X-TRAIL,UNKNOWN,47545,BLUE,https://ahm-bucket.s3.eu-north-1.amazonaws.com/vehicles/2bJK0XgoaLh2CTt9Ac3ki0eKq7mLY713UuuuMB7L.jpeg,2000,13426.0,2018,KISUMU,804444,"12V ADAPTOR, 5 DOOR, 5 SEATER, ABS, AC CHARGER ADAPTER, ACTIVE BRAKING SYSTEM, CUP HOLDER, DAYTIME RUNNING LED, DUAL A/C, KEY START, LEATHER SEATS, MANUAL SEATS CONTROL, MULTI FUNCTIONAL STEERING, POWER DOOR LOCKS, POWER SIDE MIRRORS, POWER STEERING, RADIO, REVERSE CAMERA, SIDE MIRROR INDICATORS, USB PORT",2018,NISSAN X-TRAIL,"['12v', 'adaptor', '5', 'door', '5', 'seater', 'abs', 'ac', 'charger', 'adapter', 'active', 'braking', 'system', 'cup', 'holder', 'daytime', 'running', 'led', 'dual', 'a', 'c', 'key', 'start', 'leather', 'seats', 'manual', 'seats', 'control', 'multi', 'functional', 'steering', 'power', 'door', 'locks', 'power', 'side', 'mirrors', 'power', 'steering', 'radio', 'reverse', 'camera', 'side', 'mirror', 'indicators', 'usb', 'port']",2.0
HONDA,CIVIC,UNKNOWN,6210,PEARL,https://ahm-bucket.s3.eu-north-1.amazonaws.com/vehicles/2bJK0XgoaLh2CTt9Ac3ki0eKq7mLY713UuuuMB7L.jpeg,1500,99802.0,2018,NAIROBI,2683796,"12V ADAPTOR, 5 DOOR, 5 SEATER, 5 SPEED MANUAL TRANSMISSION, ALLOY RIMS, CRUISE CONTROL, CUP HOLDER, DAYTIME RUNNING LED, DUAL REAR EXHAUST, ELECTRIC HANDBRAKE, FABRIC SEATS, FOG LIGHTS, HEATED SEATS, KEYLESS ENTRY / EXIT, LANE DEPARTURE WARNING SYSTEM (LDWS), LED HEADLIGHTS, MULTI FUNCTIONAL STEERING, POWER DOOR LOCKS, POWER SIDE MIRRORS, POWER STEERING, POWER WINDOW, PRE CRASH DETECTION ASSIST, PUSH  TO START, RADIO, REAR SPOILER, REVERSE CAMERA, SIDE MIRROR INDICATORS, TRACTION CONTROL",2018,HONDA CIVIC,"['12v', 'adaptor', '5', 'door', '5', 'seater', '5', 'speed', 'manual', 'transmission', 'alloy', 'rims', 'cruise', 'control', 'cup', 'holder', 'daytime', 'running', 'led', 'dual', 'rear', 'exhaust', 'electric', 'handbrake', 'fabric', 'seats', 'fog', 'lights', 'heated', 'seats', 'keyless', 'entry', 'exit', 'lane', 'departure', 'warning', 'system', 'ldws', 'led', 'headlights', 'multi', 'functional', 'steering', 'power', 'door', 'locks', 'power', 'side', 'mirrors', 'power', 'steering', 'power', 'window', 'pre', 'crash', 'detection', 'assist', 'push', 'to', 'start', 'radio', 'rear', 'spoiler', 'reverse', 'camera', 'side', 'mirror', 'indicators', 'traction', 'control']",4.0
TOYOTA,ALLION,UNKNOWN,4852,ORANGE,https://ahm-bucket.s3.eu-north-1.amazonaws.com/vehicles/2bJK0XgoaLh2CTt9Ac3ki0eKq7mLY713UuuuMB7L.jpeg,1500,53183.0,2018,KISUMU,4898631,"1 ZONE CLIMATE CONTROL, 12V ADAPTOR, 4 DOORS, 5 SEATER, ABS, CLIMATE CONTROL SETTINGS, CUP HOLDER, DIGITAL INFOTAINMENT SYSTEM, DRIVER'S ARMREST WITH STORAGE, ECO MODE, FABRIC SEATS, KEY START, MANUAL SEATS CONTROL, MULTI FUNCTIONAL STEERING, POWER DOOR LOCKS, POWER SIDE MIRRORS, POWER STEERING, POWER WINDOW, RADIO, REAR SEAT ARMREST, SIDE MIRROR INDICATORS, XENON HEADLIGHTS",2018,TOYOTA ALLION,"['1', 'zone', 'climate', 'control', '12v', 'adaptor', '4', 'doors', '5', 'seater', 'abs', 'climate', 'control', 'settings', 'cup', 'holder', 'digital', 'infotainment', 'system', 'driver', 's', 'armrest', 'with', 'storage', 'eco', 'mode', 'fabric', 'seats', 'key', 'start', 'manual', 'seats', 'control', 'multi', 'functional', 'steering', 'power', 'door', 'locks', 'power', 'side', 'mirrors', 'power', 'steering', 'power', 'window', 'radio', 'rear', 'seat', 'armrest', 'side', 'mirror', 'indicators', 'xenon', 'headlights']",3.0
TOYOTA,PRADO,UNKNOWN,92921,WHITE,https://ahm-bucket.s3.eu-north-1.amazonaws.com/vehicles/2bJK0XgoaLh2CTt9Ac3ki0eKq7mLY713UuuuMB7L.jpeg,2700,22675.0,2018,MOMBASA,3177712,"12V ADAPTOR, 4WD, 5 DOOR, 7 SEATER, ABS, ABS CONTROL, ALLOY RIMS, CRUISE CONTROL, CUP HOLDER, DAYTIME RUNNING LED, DRIVER'S ARMREST WITH STORAGE, FOG LIGHTS, KEYLESS ENTRY / EXIT, LANE DEPARTURE WARNING SYSTEM (LDWS), LED HEADLIGHTS, MANUAL SEATS CONTROL, MULTI FUNCTIONAL STEERING, PARKING SENSORS & CAMERAS, POWER DOOR LOCKS, POWER SIDE MIRRORS, POWER STEERING, POWER SUNROOF, POWER WINDOW, PRE CRASH DETECTION ASSIST, PUSH  TO START, REVERSE CAMERA, REVERSE WARNING BUZZER, SIDE MIRROR INDICATORS, TRACTION CONTROL, USB PORT",2018,TOYOTA PRADO,"['12v', 'adaptor', '4wd', '5', 'door', '7', 'seater', 'abs', 'abs', 'control', 'alloy', 'rims', 'cruise', 'control', 'cup', 'holder', 'daytime', 'running', 'led', 'driver', 's', 'armrest', 'with', 'storage', 'fog', 'lights', 'keyless', 'entry', 'exit', 'lane', 'departure', 'warning', 'system', 'ldws', 'led', 'headlights', 'manual', 'seats', 'control', 'multi', 'functional', 'steering', 'parking', 'sensors', 'cameras', 'power', 'door', 'locks', 'power', 'side', 'mirrors', 'power', 'steering', 'power', 'sunroof', 'power', 'window', 'pre', 'crash', 'detection', 'assist', 'push', 'to', 'start', 'reverse', 'camera', 'reverse', 'warning', 'buzzer', 'side', 'mirror', 'indicators', 'traction', 'control', 'usb', 'port']",11.0
TOYOTA,HILUX,UNKNOWN,2444,WHITE,https://ahm-bucket.s3.eu-north-1.amazonaws.com/vehicles/2bJK0XgoaLh2CTt9Ac3ki0eKq7mLY713UuuuMB7L.jpeg,2400,26072.0,2018,MOMBASA,2826210,"12V ADAPTOR, 4 DOORS, 4 SEATER, 4WD, ABS, ALLOY RIMS, CRUISE CONTROL, CUP HOLDER, DAYTIME RUNNING LED, DOWNHILL ASSIST CONTROL, DRIVER'S ARMREST WITH STORAGE, FOG LIGHTS, KEYLESS ENTRY / EXIT, LANE DEPARTURE WARNING SYSTEM (LDWS), LEATHER SEATS, MANUAL SEATS CONTROL, MUD GUARD, POWER DOOR LOCKS, POWER SIDE MIRRORS, POWER STEERING, POWER WINDOW, PRE CRASH DETECTION ASSIST, PUSH  TO START, RADIO, SIDE MIRROR INDICATORS, SIDE STEPS, TRACTION CONTROL",2018,TOYOTA HILUX,"['12v', 'adaptor', '4', 'doors', '4', 'seater', '4wd', 'abs', 'alloy', 'rims', 'cruise', 'control', 'cup', 'holder', 'daytime', 'running', 'led', 'downhill', 'assist', 'control', 'driver', 's', 'armrest', 'with', 'storage', 'fog', 'lights', 'keyless', 'entry', 'exit', 'lane', 'departure', 'warning', 'system', 'ldws', 'leather', 'seats', 'manual', 'seats', 'control', 'mud', 'guard', 'power', 'door', 'locks', 'power', 'side', 'mirrors', 'power', 'steering', 'power', 'window', 'pre', 'crash', 'detection', 'assist', 'push', 'to', 'start', 'radio', 'side', 'mirror', 'indicators', 'side', 'steps', 'traction', 'control']",4.0
ISUZU,ELF,UNKNOWN,74598,RED,https://ahm-bucket.s3.eu-north-1.amazonaws.com/vehicles/2bJK0XgoaLh2CTt9Ac3ki0eKq7mLY713UuuuMB7L.jpeg,3000,396082.0,2018,KISUMU,5103393,"FABRIC SEATS, LANE DEPARTURE WARNING SYSTEM (LDWS), MANUAL SEATS CONTROL, POWER STEERING, POWER WINDOW",2018,ISUZU ELF,"['fabric', 'seats', 'lane', 'departure', 'warning', 'system', 'ldws', 'manual', 'seats', 'control', 'power', 'steering', 'power', 'window']",2.0
TOYOTA,PREMIO,UNKNOWN,35360,BLACK,https://ahm-bucket.s3.eu-north-1.amazonaws.com/vehicles/2bJK0XgoaLh2CTt9Ac3ki0eKq7mLY713UuuuMB7L.jpeg,1800,127709.0,2018,KISUMU,1739390,"12V ADAPTOR, 4 DOORS, 5 SEATER, ABS, CUP HOLDER, FABRIC SEATS, FOG LIGHTS, KEYLESS ENTRY / EXIT, LANE DEPARTURE WARNING SYSTEM (LDWS), MULTI FUNCTIONAL STEERING, POWER DOOR LOCKS, POWER SIDE MIRRORS, POWER STEERING, POWER WINDOW, PRE CRASH DETECTION ASSIST, PUSH  TO START, REVERSE CAMERA, REVERSE WARNING BUZZER, SIDE MIRROR INDICATORS, TRACTION CONTROL, XENON HEADLIGHTS",2018,TOYOTA PREMIO,"['12v', 'adaptor', '4', 'doors', '5', 'seater', 'abs', 'cup', 'holder', 'fabric', 'seats', 'fog', 'lights', 'keyless', 'entry', 'exit', 'lane', 'departure', 'warning', 'system', 'ldws', 'multi', 'functional', 'steering', 'power', 'door', 'locks', 'power', 'side', 'mirrors', 'power', 'steering', 'power', 'window', 'pre', 'crash', 'detection', 'assist', 'push', 'to', 'start', 'reverse', 'camera', 'reverse', 'warning', 'buzzer', 'side', 'mirror', 'indicators', 'traction', 'control', 'xenon', 'headlights']",11.0
